Workbook

Sheet EDM自动
A1: 加工计划 | O1: 铜-钢 | P1: 通用 | Q1: 铜-钢 | R1: 通用 | S1: 1 | T1: C0 | V1: =IF(X1>0,"VDI"&W1&"-"&"Ra"&X1,"") -> VDI14-Ra0.5 | W1: {=INDEX(Y:Y,_xlfn.XMATCH(X1,Z:Z,0),0)} -> 14 | X1: {=_xlfn._xlws.SORT(_xlfn.UNIQUE(BM:BM))} -> 0.5 | Y1: 0 | Z1: 0.07 | AB1: ="□"&ROUND(SQRT(3.14*(AC1/2)^2),0)&"○"&AC1 -> □1○1 | AC1: {=_xlfn._xlws.SORT(_xlfn.UNIQUE(INDIRECT("'"&EDM自动!$B$3&"'!AD2:AD99999")))} -> 1 | AE1: 无 | AF1: 0000 | AH1: {=_xlfn._xlws.FILTER(INDIRECT("'"&EDM自动!$B$3&"'!B:AH"),(INDIRECT("'"&EDM自动!$B$3&"'!AD:AD")=EDM自动!$G$6))} -> 9 | AI1: 300 | AJ1: 55 | AK1: 0 | AL1: 135 | AM1: 50 | AN1: 15 | AO1: 15 | AP1: 180 | AQ1: 03 | AR1: 31 | AS1: 0 | AT1: 0 | AU1: 1 | AV1: 0 | AW1: + | AX1: 21 | AY1: 10 | AZ1: 3 | BA1: 1502 | BB1: 0.274 | BC1: 0.2411 | BD1: 24 | BE1: 0 | BF1: T | BG1: 0 | BH1: 0 | BI1: 1 | BJ1: 90 | BK1: 1 | BL1: 1 | BM1: 0.5 | BN1: 0
A2: 材料组合 | B2: 铜-钢 | G2: =_xlfn.XMATCH(B2,O1:O8,0) -> 1 | O2: 石墨-钢 | P2: 深腔 | Q2: 铜-钢 | R2: 深腔 | S2: 2 | T2: C0 | V2: =IF(X2>0,"VDI"&W2&"-"&"Ra"&X2,"") -> VDI16-Ra0.63 | W2: {=INDEX(Y:Y,_xlfn.XMATCH(X2,Z:Z,0),0)} -> 16 | X2: 0.63 | Y2: 0 | Z2: 0.1 | AB2: ="□"&ROUND(SQRT(3.14*(AC2/2)^2),0)&"○"&AC2 -> □3○3 | AC2: 3 | AE2: 圆 | AF2: 1111 | AH2: 8 | AI2: 200 | AJ2: 40 | AK2: 0 | AL2: 85 | AM2: 50 | AN2: 15 | AO2: 15 | AP2: 180 | AQ2: 03 | AR2: 32 | AS2: 0 | AT2: 0 | AU2: 1 | AV2: 0 | AW2: + | AX2: 31 | AY2: 15 | AZ2: 4 | BA2: 1502 | BB2: 0.18 | BC2: 0.1638 | BD2: 24 | BE2: 0 | BF2: T | BG2: 0 | BH2: 0 | BI2: 1 | BJ2: 90 | BK2: 1 | BL2: 1 | BM2: 0.5 | BN2: 0
A3: 电极形状 | B3: 通用 | C3: 用于选取参数表 | G3: =_xlfn.XMATCH(B3,P1:P10,0) -> 1 | O3: 铜-钨钢 | P3: 大面积 | Q3: 铜-钢 | R3: 大面积 | S3: 3 | T3: C0 | V3: =IF(X3>0,"VDI"&W3&"-"&"Ra"&X3,"") -> VDI18-Ra0.8 | W3: {=INDEX(Y:Y,_xlfn.XMATCH(X3,Z:Z,0),0)} -> 18 | X3: 0.8 | Y3: 1 | Z3: 0.112 | AB3: ="□"&ROUND(SQRT(3.14*(AC3/2)^2),0)&"○"&AC3 -> □5○6 | AC3: 6 | AE3: 方 | AF3: 2222 | AH3: 7 | AI3: 140 | AJ3: 40 | AK3: 0 | AL3: 53 | AM3: 60 | AN3: 15 | AO3: 15 | AP3: 180 | AQ3: 03 | AR3: 53 | AS3: 0 | AT3: 40 | AU3: 0 | AV3: 0 | AW3: + | AX3: 31 | AY3: 15 | AZ3: 4 | BA3: 1202 | BB3: 0.125 | BC3: 0.115 | BD3: 24 | BE3: 0 | BF3: T | BG3: 0 | BH3: 0 | BI3: 1 | BJ3: 90 | BK3: 1 | BL3: 1 | BM3: 0.5 | BN3: 0
A4: 加工方向 | B4: Z+ | C4: 用于判断余量方向，非Z轴加工时，抬刀速度除4高度除2 | G4: =IF(OR(B4="Z-",B4="Z-"),0,1) -> 1 | O4: 铜-铜 | P4: 骨位 | Q4: 铜-钢 | R4: 骨位 | S4: 4 | T4: C0 | V4: =IF(X4>0,"VDI"&W4&"-"&"Ra"&X4,"") -> VDI21-Ra1.12 | W4: {=INDEX(Y:Y,_xlfn.XMATCH(X4,Z:Z,0),0)} -> 21 | X4: 1.12 | Y4: 2 | Z4: 0.126 | AB4: ="□"&ROUND(SQRT(3.14*(AC4/2)^2),0)&"○"&AC4 -> □7○8 | AC4: 8 | AE4: 菱形 | AF4: 3333 | AH4: 6 | AI4: 70 | AJ4: 25 | AK4: 0 | AL4: 33 | AM4: 60 | AN4: 15 | AO4: 15 | AP4: 180 | AQ4: 03 | AR4: 73 | AS4: 0 | AT4: 40 | AU4: 0 | AV4: 0 | AW4: + | AX4: 31 | AY4: 15 | AZ4: 4 | BA4: 1202 | BB4: 0.082 | BC4: 0.0763 | BD4: 24 | BE4: 0 | BF4: T | BG4: 0 | BH4: 4 | BI4: 1 | BJ4: 90 | BK4: 1 | BL4: 1 | BM4: 0.5 | BN4: 0
A5: 加工深度 | B5: -0.1 | O5: 铜-铝 | P5: 插件 | Q5: 铜-钢 | R5: 插件 | S5: 5 | T5: C0 | V5: =IF(X5>0,"VDI"&W5&"-"&"Ra"&X5,"") -> VDI24-Ra1.6 | W5: {=INDEX(Y:Y,_xlfn.XMATCH(X5,Z:Z,0),0)} -> 24 | X5: 1.6 | Y5: 3 | Z5: 0.14 | AB5: ="□"&ROUND(SQRT(3.14*(AC5/2)^2),0)&"○"&AC5 -> □10○11 | AC5: 11 | AE5: 交叉 | AF5: 4444 | AH5: 5 | AI5: 40 | AJ5: 20 | AK5: 0 | AL5: 23 | AM5: 70 | AN5: 15 | AO5: 18 | AP5: 180 | AQ5: 00 | AR5: 73 | AS5: 0 | AT5: 40 | AU5: 0 | AV5: 0 | AW5: + | AX5: 31 | AY5: 15 | AZ5: 4 | BA5: 2202 | BB5: 0.052 | BC5: 0.052 | BD5: 24 | BE5: 0 | BF5: T | BG5: 0 | BH5: 2.8 | BI5: 1 | BJ5: 90 | BK5: 1 | BL5: 1 | BM5: 0.5 | BN5: 0
A6: 加工面积 | B6: □80○90 | C6: AC1:列通过电极形状确定参数表后，从参数表面积一列调取唯一值到AC列，用于下拉选择，避免空数据库 | G6: {=INDEX(AB:AC,_xlfn.XMATCH(B6,AB:AB,0),2)} -> 90 | O6: 石墨-铝 | P6: 多脚 | Q6: 铜-钢 | R6: 多脚 | S6: 6 | T6: C0 | V6: =IF(X6>0,"VDI"&W6&"-"&"Ra"&X6,"") -> VDI26-Ra2 | W6: {=INDEX(Y:Y,_xlfn.XMATCH(X6,Z:Z,0),0)} -> 26 | X6: 2 | Y6: 4 | Z6: 0.16 | AB6: ="□"&ROUND(SQRT(3.14*(AC6/2)^2),0)&"○"&AC6 -> □13○15 | AC6: 15 | AE6: 十字 | AF6: 5555 | AH6: 4 | AI6: 10 | AJ6: 9 | AK6: 0 | AL6: 15 | AM6: 80 | AN6: 15 | AO6: 18 | AP6: 180 | AQ6: 00 | AR6: 73 | AS6: 0 | AT6: 40 | AU6: 0 | AV6: 0 | AW6: + | AX6: 31 | AY6: 15 | AZ6: 5 | BA6: 2202 | BB6: 0.03 | BC6: 0.033 | BD6: 24 | BE6: 0 | BF6: T | BG6: 0 | BH6: 2 | BI6: 1 | BJ6: 90 | BK6: 1 | BL6: 1 | BM6: 0.5 | BN6: 0
A7: 参考深度 | O7: 钢-铍铜 | P7: 螺牙 | Q7: 铜-钢 | R7: 螺牙 | S7: 7 | T7: C0 | V7: =IF(X7>0,"VDI"&W7&"-"&"Ra"&X7,"") -> VDI29-Ra2.8 | W7: {=INDEX(Y:Y,_xlfn.XMATCH(X7,Z:Z,0),0)} -> 29 | X7: 2.8 | Y7: 5 | Z7: 0.18 | AB7: ="□"&ROUND(SQRT(3.14*(AC7/2)^2),0)&"○"&AC7 -> □15○17 | AC7: 17 | AE7: 象限 | AF7: 6666 | AH7: 3 | AI7: 7 | AJ7: 9 | AK7: 0 | AL7: 8 | AM7: 95 | AN7: 15 | AO7: 20 | AP7: 180 | AQ7: 00 | AR7: 73 | AS7: 0 | AT7: 0 | AU7: 0 | AV7: 0 | AW7: + | AX7: 31 | AY7: 15 | AZ7: 5 | BA7: 2202 | BB7: 0.018 | BC7: 0.023 | BD7: 24 | BE7: 0 | BF7: T | BG7: 0 | BH7: 1.12 | BI7: 1 | BJ7: 90 | BK7: 1 | BL7: 1 | BM7: 0.5 | BN7: 0
A8: 粗糙度 | B8: VDI16-Ra0.63 | C8: AH1:先通过电极形状和加工面积调取整组参数，再从整组参数BM列调取唯一值到X列，用于下拉选择，避免空数据库 | G8: {=INDEX(V1:X47,_xlfn.XMATCH(B8,V:V,0),3)} -> 0.63 | O8: 石墨-铍铜 | P8: 蜗杆 | Q8: 铜-钢 | R8: 蜗杆 | S8: 8 | T8: C0 | V8: =IF(X8>0,"VDI"&W8&"-"&"Ra"&X8,"") -> VDI31-Ra3.5 | W8: {=INDEX(Y:Y,_xlfn.XMATCH(X8,Z:Z,0),0)} -> 31 | X8: 3.5 | Y8: 6 | Z8: 0.2 | AB8: ="□"&ROUND(SQRT(3.14*(AC8/2)^2),0)&"○"&AC8 -> □17○19 | AC8: 19 | AH8: 802 | AI8: 1 | AJ8: 9 | AK8: 0 | AL8: 15 | AM8: 110 | AN8: 15 | AO8: 20 | AP8: 180 | AQ8: 00 | AR8: 73 | AS8: 0 | AT8: 0 | AU8: 10 | AV8: 3 | AW8: - | AX8: 32 | AY8: 30 | AZ8: 5 | BA8: 2202 | BB8: -0.007 | BC8: 0.026 | BD8: 24 | BE8: 0.6 | BF8: Z | BG8: 10400 | BH8: 0.63 | BI8: 1 | BJ8: 90 | BK8: 1 | BL8: 1 | BM8: 0.5 | BN8: 0
A9: 摇动形状 | B9: 分象限 | C9: {="LP="&IF(B9="分象限",E9&D9&D10&E10,INDEX(AE1:AF7,_xlfn.XMATCH(B9,AE1:AE7,0),2))} -> LP=1234 | D9: 2 | E9: 1 | F9: 当摇动形状选择分象限时，LP的每个象限可以单独编辑输入 | P9: 清角 | Q9: 铜-钢 | R9: 清角 | S9: 9 | T9: C0 | V9: =IF(X9>0,"VDI"&W9&"-"&"Ra"&X9,"") -> VDI32-Ra4 | W9: {=INDEX(Y:Y,_xlfn.XMATCH(X9,Z:Z,0),0)} -> 32 | X9: 4 | Y9: 7 | Z9: 0.22 | AB9: ="□"&ROUND(SQRT(3.14*(AC9/2)^2),0)&"○"&AC9 -> □20○23 | AC9: 23 | AH9: 802 | AI9: 1 | AJ9: 9 | AK9: 0 | AL9: 15 | AM9: 110 | AN9: 15 | AO9: 20 | AP9: 180 | AQ9: 00 | AR9: 73 | AS9: 0 | AT9: 0 | AU9: 10 | AV9: 3 | AW9: - | AX9: 32 | AY9: 30 | AZ9: 5 | BA9: 2202 | BB9: 0.013 | BC9: 0.0111 | BD9: 24 | BE9: 0.6 | BF9: Z | BG9: 312 | BH9: 0.63 | BI9: 1 | BJ9: 90 | BK9: 1 | BL9: 1 | BM9: 0.5 | BN9: 0
A10: 摇动模式 | B10: 思考 | D10: 3 | E10: 4 | G10: =IF(B10="自由",0,IF(B10="锁定",200,IF(B10="思考",300,0))) -> 300 | P10: 进胶口 | Q10: 铜-钢 | R10: 进胶口 | S10: 10 | T10: C0 | V10: =IF(X10>0,"VDI"&W10&"-"&"Ra"&X10,"") -> VDI33-Ra4.5 | W10: {=INDEX(Y:Y,_xlfn.XMATCH(X10,Z:Z,0),0)} -> 33 | X10: 4.5 | Y10: 8 | Z10: 0.25 | AB10: ="□"&ROUND(SQRT(3.14*(AC10/2)^2),0)&"○"&AC10 -> □25○28 | AC10: 28 | AH10: 801 | AI10: 1 | AJ10: 9 | AK10: 0 | AL10: 15 | AM10: 110 | AN10: 15 | AO10: 20 | AP10: 180 | AQ10: 00 | AR10: 73 | AS10: 0 | AT10: 40 | AU10: 10 | AV10: 2 | AW10: - | AX10: 32 | AY10: 30 | AZ10: 5 | BA10: 3202 | BB10: -0.01 | BC10: 0.023 | BD10: 24 | BE10: 1.2 | BF10: Z | BG10: 20800 | BH10: 0.5 | BI10: 1 | BJ10: 90 | BK10: 1 | BL10: 1 | BM10: 0.5 | BN10: 0
A11: 加工侧重 | B11: 标准 | G11: =IF(B11="标准",1,IF(B11="低损耗",2,3)) -> 1 | H11: {=IF(A18<=$B$16,"",$N$18:$N$35)} | Q11: 石墨-钢 | R11: 通用 | S11: 11 | T11: C4 | V11: =IF(X11>0,"VDI"&W11&"-"&"Ra"&X11,"") | W11: {=INDEX(Y:Y,_xlfn.XMATCH(X11,Z:Z,0),0)} -> 0 | X11: 0 | Y11: 9 | Z11: 0.28 | AB11: ="□"&ROUND(SQRT(3.14*(AC11/2)^2),0)&"○"&AC11 -> □30○34 | AC11: 34 | AH11: 801 | AI11: 1 | AJ11: 9 | AK11: 0 | AL11: 15 | AM11: 110 | AN11: 15 | AO11: 20 | AP11: 180 | AQ11: 00 | AR11: 73 | AS11: 0 | AT11: 40 | AU11: 10 | AV11: 2 | AW11: - | AX11: 32 | AY11: 30 | AZ11: 5 | BA11: 3202 | BB11: 0.01 | BC11: 0.008 | BD11: 24 | BE11: 1.2 | BF11: Z | BG11: 624 | BH11: 0.5 | BI11: 1 | BJ11: 90 | BK11: 1 | BL11: 1 | BM11: 0.5 | BN11: 0
A12: 单边火花位 | B12: 0.1 | C12: 输入范围(0.04~0.50) | Q12: 石墨-钢 | R12: 深腔 | S12: 12 | T12: C4 | V12: =IF(X12>0,"VDI"&W12&"-"&"Ra"&X12,"") | W12: {=INDEX(Y:Y,_xlfn.XMATCH(X12,Z:Z,0),0)} -> 0 | Y12: 10 | Z12: 0.32 | AB12: ="□"&ROUND(SQRT(3.14*(AC12/2)^2),0)&"○"&AC12 -> □35○39 | AC12: 39 | AH12: 8 | AI12: 300 | AJ12: 55 | AK12: 0 | AL12: 135 | AM12: 50 | AN12: 15 | AO12: 15 | AP12: 180 | AQ12: 03 | AR12: 31 | AS12: 0 | AT12: 0 | AU12: 1 | AV12: 0 | AW12: + | AX12: 21 | AY12: 10 | AZ12: 3 | BA12: 1502 | BB12: 0.274 | BC12: 0.2411 | BD12: 24 | BE12: 0 | BF12: T | BG12: 0 | BH12: 0 | BI12: 1 | BJ12: 90 | BK12: 1 | BL12: 1 | BM12: 0.63 | BN12: 0
Q13: 石墨-钢 | R13: 大面积 | S13: 13 | T13: C4 | V13: =IF(X13>0,"VDI"&W13&"-"&"Ra"&X13,"") | W13: {=INDEX(Y:Y,_xlfn.XMATCH(X13,Z:Z,0),0)} -> 0 | Y13: 11 | Z13: 0.35 | AB13: ="□"&ROUND(SQRT(3.14*(AC13/2)^2),0)&"○"&AC13 -> □40○45 | AC13: 45 | AH13: 7 | AI13: 200 | AJ13: 40 | AK13: 0 | AL13: 85 | AM13: 50 | AN13: 15 | AO13: 15 | AP13: 180 | AQ13: 03 | AR13: 32 | AS13: 0 | AT13: 0 | AU13: 1 | AV13: 0 | AW13: + | AX13: 31 | AY13: 15 | AZ13: 4 | BA13: 1502 | BB13: 0.18 | BC13: 0.1638 | BD13: 24 | BE13: 0 | BF13: T | BG13: 0 | BH13: 0 | BI13: 1 | BJ13: 90 | BK13: 1 | BL13: 1 | BM13: 0.63 | BN13: 0
Q14: 石墨-钢 | R14: 骨位 | S14: 14 | T14: C4 | V14: =IF(X14>0,"VDI"&W14&"-"&"Ra"&X14,"") | W14: {=INDEX(Y:Y,_xlfn.XMATCH(X14,Z:Z,0),0)} -> 0 | Y14: 12 | Z14: 0.4 | AB14: ="□"&ROUND(SQRT(3.14*(AC14/2)^2),0)&"○"&AC14 -> □45○51 | AC14: 51 | AH14: 6 | AI14: 140 | AJ14: 40 | AK14: 0 | AL14: 53 | AM14: 60 | AN14: 15 | AO14: 15 | AP14: 180 | AQ14: 03 | AR14: 53 | AS14: 0 | AT14: 40 | AU14: 0 | AV14: 0 | AW14: + | AX14: 31 | AY14: 15 | AZ14: 4 | BA14: 1202 | BB14: 0.125 | BC14: 0.115 | BD14: 24 | BE14: 0 | BF14: T | BG14: 0 | BH14: 0 | BI14: 1 | BJ14: 90 | BK14: 1 | BL14: 1 | BM14: 0.63 | BN14: 0
A15: 加工位置 | Q15: 石墨-钢 | R15: 插件 | S15: 15 | T15: C4 | V15: =IF(X15>0,"VDI"&W15&"-"&"Ra"&X15,"") | W15: {=INDEX(Y:Y,_xlfn.XMATCH(X15,Z:Z,0),0)} -> 0 | Y15: 13 | Z15: 0.45 | AB15: ="□"&ROUND(SQRT(3.14*(AC15/2)^2),0)&"○"&AC15 -> □50○56 | AC15: 56 | AH15: 5 | AI15: 70 | AJ15: 25 | AK15: 0 | AL15: 33 | AM15: 60 | AN15: 15 | AO15: 15 | AP15: 180 | AQ15: 03 | AR15: 73 | AS15: 0 | AT15: 40 | AU15: 0 | AV15: 0 | AW15: + | AX15: 31 | AY15: 15 | AZ15: 4 | BA15: 1202 | BB15: 0.082 | BC15: 0.0763 | BD15: 24 | BE15: 0 | BF15: T | BG15: 0 | BH15: 4 | BI15: 1 | BJ15: 90 | BK15: 1 | BL15: 1 | BM15: 0.63 | BN15: 0
A16: 加工腔数 | B16: 3 | C16: 开始高度 | D16: 4 | E16: 安全高度 | F16: 10 | Q16: 石墨-钢 | R16: 多脚 | S16: 16 | T16: C4 | V16: =IF(X16>0,"VDI"&W16&"-"&"Ra"&X16,"") | W16: {=INDEX(Y:Y,_xlfn.XMATCH(X16,Z:Z,0),0)} -> 0 | Y16: 14 | Z16: 0.5 | AB16: ="□"&ROUND(SQRT(3.14*(AC16/2)^2),0)&"○"&AC16 -> □60○68 | AC16: 68 | AH16: 4 | AI16: 40 | AJ16: 20 | AK16: 0 | AL16: 23 | AM16: 70 | AN16: 15 | AO16: 18 | AP16: 180 | AQ16: 00 | AR16: 73 | AS16: 0 | AT16: 40 | AU16: 0 | AV16: 0 | AW16: + | AX16: 31 | AY16: 15 | AZ16: 4 | BA16: 2202 | BB16: 0.052 | BC16: 0.052 | BD16: 24 | BE16: 0 | BF16: T | BG16: 0 | BH16: 2.8 | BI16: 1 | BJ16: 90 | BK16: 1 | BL16: 1 | BM16: 0.63 | BN16: 0
A17: No. | B17: 坐标系 | C17: X | D17: Y | Q17: 石墨-钢 | R17: 螺牙 | S17: 17 | T17: C4 | V17: =IF(X17>0,"VDI"&W17&"-"&"Ra"&X17,"") | W17: {=INDEX(Y:Y,_xlfn.XMATCH(X17,Z:Z,0),0)} -> 0 | Y17: 15 | Z17: 0.56 | AB17: ="□"&ROUND(SQRT(3.14*(AC17/2)^2),0)&"○"&AC17 -> □80○90 | AC17: 90 | AH17: 3 | AI17: 10 | AJ17: 9 | AK17: 0 | AL17: 15 | AM17: 80 | AN17: 15 | AO17: 18 | AP17: 180 | AQ17: 00 | AR17: 73 | AS17: 0 | AT17: 40 | AU17: 0 | AV17: 0 | AW17: + | AX17: 31 | AY17: 15 | AZ17: 5 | BA17: 2202 | BB17: 0.03 | BC17: 0.033 | BD17: 24 | BE17: 0 | BF17: T | BG17: 0 | BH17: 2 | BI17: 1 | BJ17: 90 | BK17: 1 | BL17: 1 | BM17: 0.63 | BN17: 0
A18: =IF($B$16>=M18,M18,"") -> 1 | B18: G54 | C18: 0 | D18: 0 | G18: Excel做一个按钮，一键删除所有""号，并且把名为“NC”的sheet表导出为nc文件，导出时相邻两行相同只保留一行以及删除所有空白行，要求不破坏原表格内容，同时该按钮可以复制到其他页面使用，中文输出不要乱码 | M18: 1 | N18: G054 | Q18: 石墨-钢 | R18: 蜗杆 | S18: 18 | T18: C4 | V18: =IF(X18>0,"VDI"&W18&"-"&"Ra"&X18,"") | W18: {=INDEX(Y:Y,_xlfn.XMATCH(X18,Z:Z,0),0)} -> 0 | Y18: 16 | Z18: 0.63 | AB18: ="□"&ROUND(SQRT(3.14*(AC18/2)^2),0)&"○"&AC18 -> □100○113 | AC18: 113 | AH18: 2 | AI18: 7 | AJ18: 9 | AK18: 0 | AL18: 8 | AM18: 95 | AN18: 15 | AO18: 20 | AP18: 180 | AQ18: 00 | AR18: 73 | AS18: 0 | AT18: 0 | AU18: 0 | AV18: 0 | AW18: + | AX18: 31 | AY18: 15 | AZ18: 5 | BA18: 2202 | BB18: 0.018 | BC18: 0.023 | BD18: 24 | BE18: 0 | BF18: T | BG18: 0 | BH18: 1.12 | BI18: 1 | BJ18: 90 | BK18: 1 | BL18: 1 | BM18: 0.63 | BN18: 0
A19: =IF($B$16>=M19,M19,"") -> 2 | M19: 2 | N19: G055 | Q19: 石墨-钢 | R19: 清角 | S19: 19 | T19: C4 | V19: =IF(X19>0,"VDI"&W19&"-"&"Ra"&X19,"") | W19: {=INDEX(Y:Y,_xlfn.XMATCH(X19,Z:Z,0),0)} -> 0 | Y19: 17 | Z19: 0.7 | AB19: ="□"&ROUND(SQRT(3.14*(AC19/2)^2),0)&"○"&AC19 -> □120○135 | AC19: 135 | AH19: 801 | AI19: 1 | AJ19: 9 | AK19: 0 | AL19: 15 | AM19: 110 | AN19: 15 | AO19: 20 | AP19: 180 | AQ19: 00 | AR19: 73 | AS19: 0 | AT19: 0 | AU19: 10 | AV19: 3 | AW19: - | AX19: 32 | AY19: 30 | AZ19: 5 | BA19: 3202 | BB19: -0.007 | BC19: 0.026 | BD19: 24 | BE19: 0.6 | BF19: Z | BG19: 10400 | BH19: 0.63 | BI19: 1 | BJ19: 90 | BK19: 1 | BL19: 1 | BM19: 0.63 | BN19: 0
A20: =IF($B$16>=M20,M20,"") -> 3 | M20: 3 | N20: G056 | Q20: 石墨-钢 | R20: 进胶口 | S20: 20 | T20: C4 | V20: =IF(X20>0,"VDI"&W20&"-"&"Ra"&X20,"") | W20: {=INDEX(Y:Y,_xlfn.XMATCH(X20,Z:Z,0),0)} -> 0 | Y20: 18 | Z20: 0.8 | AB20: ="□"&ROUND(SQRT(3.14*(AC20/2)^2),0)&"○"&AC20 -> □150○169 | AC20: 169 | AH20: 801 | AI20: 1 | AJ20: 9 | AK20: 0 | AL20: 15 | AM20: 110 | AN20: 15 | AO20: 20 | AP20: 180 | AQ20: 00 | AR20: 73 | AS20: 0 | AT20: 0 | AU20: 10 | AV20: 3 | AW20: - | AX20: 32 | AY20: 30 | AZ20: 5 | BA20: 3202 | BB20: 0.013 | BC20: 0.011 | BD20: 24 | BE20: 0.6 | BF20: Z | BG20: 312 | BH20: 0.63 | BI20: 1 | BJ20: 90 | BK20: 1 | BL20: 1 | BM20: 0.63 | BN20: 0
A21: =IF($B$16>=M21,M21,"") | M21: 4 | N21: G057 | Q21: 铜-钨钢 | R21: 通用 | S21: 21 | V21: =IF(X21>0,"VDI"&W21&"-"&"Ra"&X21,"") | W21: {=INDEX(Y:Y,_xlfn.XMATCH(X21,Z:Z,0),0)} -> 0 | Y21: 19 | Z21: 0.9 | AB21: ="□"&ROUND(SQRT(3.14*(AC21/2)^2),0)&"○"&AC21 -> □200○226 | AC21: 226 | AH21: 7 | AI21: 300 | AJ21: 55 | AK21: 0 | AL21: 135 | AM21: 50 | AN21: 15 | AO21: 15 | AP21: 180 | AQ21: 03 | AR21: 31 | AS21: 0 | AT21: 0 | AU21: 1 | AV21: 0 | AW21: + | AX21: 21 | AY21: 10 | AZ21: 3 | BA21: 1502 | BB21: 0.264 | BC21: 0.2323 | BD21: 24 | BE21: 0 | BF21: T | BG21: 0 | BH21: 0 | BI21: 1 | BJ21: 90 | BK21: 1 | BL21: 1 | BM21: 0.8 | BN21: 0
A22: =IF($B$16>=M22,M22,"") | M22: 5 | N22: G058 | Q22: 铜-钨钢 | R22: 深腔 | S22: 22 | V22: =IF(X22>0,"VDI"&W22&"-"&"Ra"&X22,"") | W22: {=INDEX(Y:Y,_xlfn.XMATCH(X22,Z:Z,0),0)} -> 0 | Y22: 20 | Z22: 1 | AB22: ="□"&ROUND(SQRT(3.14*(AC22/2)^2),0)&"○"&AC22 -> □0○0 | AC22: 0 | AH22: 6 | AI22: 200 | AJ22: 40 | AK22: 0 | AL22: 85 | AM22: 50 | AN22: 15 | AO22: 15 | AP22: 180 | AQ22: 03 | AR22: 32 | AS22: 0 | AT22: 0 | AU22: 1 | AV22: 0 | AW22: + | AX22: 31 | AY22: 15 | AZ22: 4 | BA22: 1502 | BB22: 0.17 | BC22: 0.1547 | BD22: 24 | BE22: 0 | BF22: T | BG22: 0 | BH22: 0 | BI22: 1 | BJ22: 90 | BK22: 1 | BL22: 1 | BM22: 0.8 | BN22: 0
A23: =IF($B$16>=M23,M23,"") | M23: 6 | N23: G059 | Q23: 铜-钨钢 | R23: 大面积 | S23: 23 | V23: =IF(X23>0,"VDI"&W23&"-"&"Ra"&X23,"") | W23: {=INDEX(Y:Y,_xlfn.XMATCH(X23,Z:Z,0),0)} -> 0 | Y23: 21 | Z23: 1.12 | AB23: ="□"&ROUND(SQRT(3.14*(AC23/2)^2),0)&"○"&AC23 -> □0○ | AH23: 5 | AI23: 140 | AJ23: 40 | AK23: 0 | AL23: 53 | AM23: 60 | AN23: 15 | AO23: 15 | AP23: 180 | AQ23: 03 | AR23: 53 | AS23: 0 | AT23: 40 | AU23: 0 | AV23: 0 | AW23: + | AX23: 31 | AY23: 15 | AZ23: 4 | BA23: 1202 | BB23: 0.115 | BC23: 0.1058 | BD23: 24 | BE23: 0 | BF23: T | BG23: 0 | BH23: 0 | BI23: 1 | BJ23: 90 | BK23: 1 | BL23: 1 | BM23: 0.8 | BN23: 0
A24: =IF($B$16>=M24,M24,"") | M24: 7 | N24: G064 | Q24: 铜-钨钢 | R24: 骨位 | S24: 24 | V24: =IF(X24>0,"VDI"&W24&"-"&"Ra"&X24,"") | W24: {=INDEX(Y:Y,_xlfn.XMATCH(X24,Z:Z,0),0)} -> 0 | Y24: 22 | Z24: 1.26 | AB24: ="□"&ROUND(SQRT(3.14*(AC24/2)^2),0)&"○"&AC24 -> □0○ | AH24: 4 | AI24: 70 | AJ24: 25 | AK24: 0 | AL24: 33 | AM24: 60 | AN24: 15 | AO24: 15 | AP24: 180 | AQ24: 03 | AR24: 73 | AS24: 0 | AT24: 40 | AU24: 0 | AV24: 0 | AW24: + | AX24: 31 | AY24: 15 | AZ24: 4 | BA24: 1202 | BB24: 0.072 | BC24: 0.067 | BD24: 24 | BE24: 0 | BF24: T | BG24: 0 | BH24: 4 | BI24: 1 | BJ24: 90 | BK24: 1 | BL24: 1 | BM24: 0.8 | BN24: 0
A25: =IF($B$16>=M25,M25,"") | M25: 8 | N25: G065 | Q25: 铜-钨钢 | R25: 插件 | S25: 25 | V25: =IF(X25>0,"VDI"&W25&"-"&"Ra"&X25,"") | W25: {=INDEX(Y:Y,_xlfn.XMATCH(X25,Z:Z,0),0)} -> 0 | Y25: 23 | Z25: 1.4 | AB25: ="□"&ROUND(SQRT(3.14*(AC25/2)^2),0)&"○"&AC25 -> □0○ | AH25: 3 | AI25: 40 | AJ25: 20 | AK25: 0 | AL25: 23 | AM25: 70 | AN25: 15 | AO25: 18 | AP25: 180 | AQ25: 00 | AR25: 73 | AS25: 0 | AT25: 40 | AU25: 0 | AV25: 0 | AW25: + | AX25: 31 | AY25: 15 | AZ25: 4 | BA25: 2202 | BB25: 0.042 | BC25: 0.042 | BD25: 24 | BE25: 0 | BF25: T | BG25: 0 | BH25: 2.8 | BI25: 1 | BJ25: 90 | BK25: 1 | BL25: 1 | BM25: 0.8 | BN25: 0
A26: =IF($B$16>=M26,M26,"") | M26: 9 | N26: G066 | Q26: 铜-钨钢 | R26: 多脚 | S26: 26 | V26: =IF(X26>0,"VDI"&W26&"-"&"Ra"&X26,"") | W26: {=INDEX(Y:Y,_xlfn.XMATCH(X26,Z:Z,0),0)} -> 0 | Y26: 24 | Z26: 1.6 | AH26: 2 | AI26: 10 | AJ26: 9 | AK26: 0 | AL26: 15 | AM26: 80 | AN26: 15 | AO26: 18 | AP26: 180 | AQ26: 00 | AR26: 73 | AS26: 0 | AT26: 40 | AU26: 0 | AV26: 0 | AW26: + | AX26: 31 | AY26: 15 | AZ26: 5 | BA26: 2202 | BB26: 0.02 | BC26: 0.022 | BD26: 24 | BE26: 0 | BF26: T | BG26: 0 | BH26: 2 | BI26: 1 | BJ26: 90 | BK26: 1 | BL26: 1 | BM26: 0.8 | BN26: 0
A27: =IF($B$16>=M27,M27,"") | M27: 10 | N27: G067 | Q27: 铜-钨钢 | R27: 螺牙 | S27: 27 | V27: =IF(X27>0,"VDI"&W27&"-"&"Ra"&X27,"") | W27: {=INDEX(Y:Y,_xlfn.XMATCH(X27,Z:Z,0),0)} -> 0 | Y27: 25 | Z27: 1.8 | AH27: 1 | AI27: 4 | AJ27: 9 | AK27: 0 | AL27: 5 | AM27: 110 | AN27: 15 | AO27: 20 | AP27: 180 | AQ27: 00 | AR27: 73 | AS27: 0 | AT27: 0 | AU27: 0 | AV27: 1 | AW27: + | AX27: 31 | AY27: 15 | AZ27: 5 | BA27: 3202 | BB27: 0.001 | BC27: 0.011 | BD27: 24 | BE27: 0 | BF27: T | BG27: 0 | BH27: 0.8 | BI27: 1 | BJ27: 90 | BK27: 1 | BL27: 1 | BM27: 0.8 | BN27: 0
A28: =IF($B$16>=M28,M28,"") | M28: 11 | N28: G068 | Q28: 铜-钨钢 | R28: 蜗杆 | S28: 28 | V28: =IF(X28>0,"VDI"&W28&"-"&"Ra"&X28,"") | W28: {=INDEX(Y:Y,_xlfn.XMATCH(X28,Z:Z,0),0)} -> 0 | Y28: 26 | Z28: 2 | AH28: 7 | AI28: 300 | AJ28: 55 | AK28: 0 | AL28: 135 | AM28: 50 | AN28: 15 | AO28: 15 | AP28: 180 | AQ28: 03 | AR28: 31 | AS28: 0 | AT28: 0 | AU28: 1 | AV28: 0 | AW28: + | AX28: 21 | AY28: 10 | AZ28: 3 | BA28: 1502 | BB28: 0.264 | BC28: 0.2323 | BD28: 24 | BE28: 0 | BF28: T | BG28: 0 | BH28: 0 | BI28: 1 | BJ28: 90 | BK28: 1 | BL28: 1 | BM28: 1.12 | BN28: 0
A29: =IF($B$16>=M29,M29,"") | M29: 12 | N29: G069 | Q29: 铜-钨钢 | R29: 清角 | S29: 29 | V29: =IF(X29>0,"VDI"&W29&"-"&"Ra"&X29,"") | W29: {=INDEX(Y:Y,_xlfn.XMATCH(X29,Z:Z,0),0)} -> 0 | Y29: 27 | Z29: 2.2 | AF29: =125*125-70*70 -> 10725 | AH29: 6 | AI29: 200 | AJ29: 40 | AK29: 0 | AL29: 85 | AM29: 50 | AN29: 15 | AO29: 15 | AP29: 180 | AQ29: 03 | AR29: 32 | AS29: 0 | AT29: 0 | AU29: 1 | AV29: 0 | AW29: + | AX29: 31 | AY29: 15 | AZ29: 4 | BA29: 1502 | BB29: 0.17 | BC29: 0.1547 | BD29: 24 | BE29: 0 | BF29: T | BG29: 0 | BH29: 0 | BI29: 1 | BJ29: 90 | BK29: 1 | BL29: 1 | BM29: 1.12 | BN29: 0
A30: =IF($B$16>=M30,M30,"") | M30: 13 | N30: G074 | Q30: 铜-钨钢 | R30: 进胶口 | S30: 30 | V30: =IF(X30>0,"VDI"&W30&"-"&"Ra"&X30,"") | W30: {=INDEX(Y:Y,_xlfn.XMATCH(X30,Z:Z,0),0)} -> 0 | Y30: 28 | Z30: 2.5 | AH30: 5 | AI30: 140 | AJ30: 40 | AK30: 0 | AL30: 53 | AM30: 60 | AN30: 15 | AO30: 15 | AP30: 180 | AQ30: 03 | AR30: 53 | AS30: 0 | AT30: 40 | AU30: 0 | AV30: 0 | AW30: + | AX30: 31 | AY30: 15 | AZ30: 4 | BA30: 1202 | BB30: 0.115 | BC30: 0.1058 | BD30: 24 | BE30: 0 | BF30: T | BG30: 0 | BH30: 0 | BI30: 1 | BJ30: 90 | BK30: 1 | BL30: 1 | BM30: 1.12 | BN30: 0
A31: =IF($B$16>=M31,M31,"") | M31: 14 | N31: G075 | Q31: 铜-铜 | R31: 通用 | S31: 31 | V31: =IF(X31>0,"VDI"&W31&"-"&"Ra"&X31,"") | W31: {=INDEX(Y:Y,_xlfn.XMATCH(X31,Z:Z,0),0)} -> 0 | Y31: 29 | Z31: 2.8 | AH31: 4 | AI31: 70 | AJ31: 25 | AK31: 0 | AL31: 33 | AM31: 60 | AN31: 15 | AO31: 15 | AP31: 180 | AQ31: 03 | AR31: 73 | AS31: 0 | AT31: 40 | AU31: 0 | AV31: 0 | AW31: + | AX31: 31 | AY31: 15 | AZ31: 4 | BA31: 1202 | BB31: 0.072 | BC31: 0.067 | BD31: 24 | BE31: 0 | BF31: T | BG31: 0 | BH31: 4 | BI31: 1 | BJ31: 90 | BK31: 1 | BL31: 1 | BM31: 1.12 | BN31: 0
A32: =IF($B$16>=M32,M32,"") | M32: 15 | N32: G076 | Q32: 铜-铜 | R32: 深腔 | S32: 32 | V32: =IF(X32>0,"VDI"&W32&"-"&"Ra"&X32,"") | W32: {=INDEX(Y:Y,_xlfn.XMATCH(X32,Z:Z,0),0)} -> 0 | Y32: 30 | Z32: 3.2 | AH32: 3 | AI32: 40 | AJ32: 20 | AK32: 0 | AL32: 23 | AM32: 70 | AN32: 15 | AO32: 18 | AP32: 180 | AQ32: 00 | AR32: 73 | AS32: 0 | AT32: 40 | AU32: 0 | AV32: 0 | AW32: + | AX32: 31 | AY32: 15 | AZ32: 4 | BA32: 2202 | BB32: 0.042 | BC32: 0.042 | BD32: 24 | BE32: 0 | BF32: T | BG32: 0 | BH32: 2.8 | BI32: 1 | BJ32: 90 | BK32: 1 | BL32: 1 | BM32: 1.12 | BN32: 0
A33: =IF($B$16>=M33,M33,"") | M33: 16 | N33: G077 | Q33: 铜-铜 | R33: 大面积 | S33: 33 | V33: =IF(X33>0,"VDI"&W33&"-"&"Ra"&X33,"") | W33: {=INDEX(Y:Y,_xlfn.XMATCH(X33,Z:Z,0),0)} -> 0 | Y33: 31 | Z33: 3.5 | AH33: 2 | AI33: 10 | AJ33: 9 | AK33: 0 | AL33: 15 | AM33: 80 | AN33: 15 | AO33: 18 | AP33: 180 | AQ33: 00 | AR33: 73 | AS33: 0 | AT33: 40 | AU33: 0 | AV33: 0 | AW33: + | AX33: 31 | AY33: 15 | AZ33: 5 | BA33: 2202 | BB33: 0.02 | BC33: 0.022 | BD33: 24 | BE33: 0 | BF33: T | BG33: 0 | BH33: 2 | BI33: 1 | BJ33: 90 | BK33: 1 | BL33: 1 | BM33: 1.12 | BN33: 0
A34: =IF($B$16>=M34,M34,"") | M34: 17 | N34: G078 | Q34: 铜-铜 | R34: 骨位 | S34: 34 | V34: =IF(X34>0,"VDI"&W34&"-"&"Ra"&X34,"") | W34: {=INDEX(Y:Y,_xlfn.XMATCH(X34,Z:Z,0),0)} -> 0 | Y34: 32 | Z34: 4 | AH34: 1 | AI34: 7 | AJ34: 9 | AK34: 0 | AL34: 8 | AM34: 110 | AN34: 15 | AO34: 20 | AP34: 180 | AQ34: 00 | AR34: 73 | AS34: 0 | AT34: 0 | AU34: 0 | AV34: 0 | AW34: + | AX34: 31 | AY34: 15 | AZ34: 5 | BA34: 3202 | BB34: 0.014 | BC34: 0.015 | BD34: 24 | BE34: 0 | BF34: T | BG34: 0 | BH34: 1.12 | BI34: 1 | BJ34: 90 | BK34: 1 | BL34: 1 | BM34: 1.12 | BN34: 0
A35: =IF($B$16>=M35,M35,"") | M35: 18 | N35: G079 | Q35: 铜-铜 | R35: 插件 | S35: 35 | V35: =IF(X35>0,"VDI"&W35&"-"&"Ra"&X35,"") | W35: {=INDEX(Y:Y,_xlfn.XMATCH(X35,Z:Z,0),0)} -> 0 | Y35: 33 | Z35: 4.5 | AH35: 6 | AI35: 300 | AJ35: 55 | AK35: 0 | AL35: 135 | AM35: 50 | AN35: 15 | AO35: 15 | AP35: 180 | AQ35: 03 | AR35: 31 | AS35: 0 | AT35: 0 | AU35: 1 | AV35: 0 | AW35: + | AX35: 21 | AY35: 10 | AZ35: 3 | BA35: 1502 | BB35: 0.261 | BC35: 0.2297 | BD35: 24 | BE35: 0 | BF35: T | BG35: 0 | BH35: 0 | BI35: 1 | BJ35: 90 | BK35: 1 | BL35: 1 | BM35: 1.6 | BN35: 0
A36: =IF($B$16>=M36,M36,"") | M36: 19 | Q36: 铜-铜 | R36: 多脚 | S36: 36 | V36: =IF(X36>0,"VDI"&W36&"-"&"Ra"&X36,"") | W36: {=INDEX(Y:Y,_xlfn.XMATCH(X36,Z:Z,0),0)} -> 0 | Y36: 34 | Z36: 5 | AH36: 5 | AI36: 200 | AJ36: 40 | AK36: 0 | AL36: 85 | AM36: 50 | AN36: 15 | AO36: 15 | AP36: 180 | AQ36: 03 | AR36: 32 | AS36: 0 | AT36: 0 | AU36: 1 | AV36: 0 | AW36: + | AX36: 31 | AY36: 15 | AZ36: 4 | BA36: 1502 | BB36: 0.167 | BC36: 0.152 | BD36: 24 | BE36: 0 | BF36: T | BG36: 0 | BH36: 0 | BI36: 1 | BJ36: 90 | BK36: 1 | BL36: 1 | BM36: 1.6 | BN36: 0
A37: =IF($B$16>=M37,M37,"") | M37: 20 | Q37: 铜-铜 | R37: 螺牙 | S37: 37 | V37: =IF(X37>0,"VDI"&W37&"-"&"Ra"&X37,"") | W37: {=INDEX(Y:Y,_xlfn.XMATCH(X37,Z:Z,0),0)} -> 0 | Y37: 35 | Z37: 5.6 | AH37: 4 | AI37: 140 | AJ37: 40 | AK37: 0 | AL37: 53 | AM37: 60 | AN37: 15 | AO37: 15 | AP37: 180 | AQ37: 03 | AR37: 53 | AS37: 0 | AT37: 40 | AU37: 0 | AV37: 0 | AW37: + | AX37: 31 | AY37: 15 | AZ37: 4 | BA37: 1202 | BB37: 0.112 | BC37: 0.103 | BD37: 24 | BE37: 0 | BF37: T | BG37: 0 | BH37: 0 | BI37: 1 | BJ37: 90 | BK37: 1 | BL37: 1 | BM37: 1.6 | BN37: 0
A38: =IF($B$16>=M38,M38,"") | M38: 21 | Q38: 铜-铜 | R38: 蜗杆 | S38: 38 | V38: =IF(X38>0,"VDI"&W38&"-"&"Ra"&X38,"") | W38: {=INDEX(Y:Y,_xlfn.XMATCH(X38,Z:Z,0),0)} -> 0 | Y38: 36 | Z38: 6.3 | AH38: 3 | AI38: 70 | AJ38: 25 | AK38: 0 | AL38: 33 | AM38: 60 | AN38: 15 | AO38: 15 | AP38: 180 | AQ38: 03 | AR38: 73 | AS38: 0 | AT38: 40 | AU38: 0 | AV38: 0 | AW38: + | AX38: 31 | AY38: 15 | AZ38: 4 | BA38: 1202 | BB38: 0.069 | BC38: 0.0642 | BD38: 24 | BE38: 0 | BF38: T | BG38: 0 | BH38: 4 | BI38: 1 | BJ38: 90 | BK38: 1 | BL38: 1 | BM38: 1.6 | BN38: 0
A39: =IF($B$16>=M39,M39,"") | M39: 22 | Q39: 铜-铜 | R39: 清角 | S39: 39 | V39: =IF(X39>0,"VDI"&W39&"-"&"Ra"&X39,"") | W39: {=INDEX(Y:Y,_xlfn.XMATCH(X39,Z:Z,0),0)} -> 0 | Y39: 37 | Z39: 7 | AH39: 2 | AI39: 40 | AJ39: 20 | AK39: 0 | AL39: 23 | AM39: 70 | AN39: 15 | AO39: 18 | AP39: 180 | AQ39: 00 | AR39: 73 | AS39: 0 | AT39: 40 | AU39: 0 | AV39: 0 | AW39: + | AX39: 31 | AY39: 15 | AZ39: 4 | BA39: 2202 | BB39: 0.039 | BC39: 0.039 | BD39: 24 | BE39: 0 | BF39: T | BG39: 0 | BH39: 2.8 | BI39: 1 | BJ39: 90 | BK39: 1 | BL39: 1 | BM39: 1.6 | BN39: 0
A40: =IF($B$16>=M40,M40,"") | M40: 23 | Q40: 铜-铜 | R40: 进胶口 | S40: 40 | V40: =IF(X40>0,"VDI"&W40&"-"&"Ra"&X40,"") | W40: {=INDEX(Y:Y,_xlfn.XMATCH(X40,Z:Z,0),0)} -> 0 | Y40: 38 | Z40: 8 | AH40: 1 | AI40: 7 | AJ40: 10 | AK40: 0 | AL40: 13 | AM40: 85 | AN40: 15 | AO40: 18 | AP40: 180 | AQ40: 00 | AR40: 73 | AS40: 0 | AT40: 40 | AU40: 0 | AV40: 0 | AW40: + | AX40: 31 | AY40: 15 | AZ40: 4 | BA40: 3202 | BB40: 0.025 | BC40: 0.023 | BD40: 24 | BE40: 0 | BF40: T | BG40: 0 | BH40: 1.6 | BI40: 1 | BJ40: 90 | BK40: 1 | BL40: 1 | BM40: 1.6 | BN40: 0
A41: =IF($B$16>=M41,M41,"") | M41: 24 | Q41: 铜-铝 | R41: 通用 | S41: 41 | V41: =IF(X41>0,"VDI"&W41&"-"&"Ra"&X41,"") | W41: {=INDEX(Y:Y,_xlfn.XMATCH(X41,Z:Z,0),0)} -> 0 | Y41: 39 | Z41: 9 | AH41: 6 | AI41: 300 | AJ41: 55 | AK41: 0 | AL41: 135 | AM41: 50 | AN41: 15 | AO41: 15 | AP41: 180 | AQ41: 03 | AR41: 31 | AS41: 0 | AT41: 0 | AU41: 1 | AV41: 0 | AW41: + | AX41: 21 | AY41: 10 | AZ41: 3 | BA41: 1502 | BB41: 0.261 | BC41: 0.2297 | BD41: 24 | BE41: 0 | BF41: T | BG41: 0 | BH41: 0 | BI41: 1 | BJ41: 90 | BK41: 1 | BL41: 1 | BM41: 2 | BN41: 0
A42: =IF($B$16>=M42,M42,"") | M42: 25 | Q42: 铜-铝 | R42: 深腔 | S42: 42 | V42: =IF(X42>0,"VDI"&W42&"-"&"Ra"&X42,"") | W42: {=INDEX(Y:Y,_xlfn.XMATCH(X42,Z:Z,0),0)} -> 0 | Y42: 40 | Z42: 10 | AH42: 5 | AI42: 200 | AJ42: 40 | AK42: 0 | AL42: 85 | AM42: 50 | AN42: 15 | AO42: 15 | AP42: 180 | AQ42: 03 | AR42: 32 | AS42: 0 | AT42: 0 | AU42: 1 | AV42: 0 | AW42: + | AX42: 31 | AY42: 15 | AZ42: 4 | BA42: 1502 | BB42: 0.167 | BC42: 0.152 | BD42: 24 | BE42: 0 | BF42: T | BG42: 0 | BH42: 0 | BI42: 1 | BJ42: 90 | BK42: 1 | BL42: 1 | BM42: 2 | BN42: 0
A43: =IF($B$16>=M43,M43,"") | M43: 26 | Q43: 铜-铝 | R43: 大面积 | S43: 43 | V43: =IF(X43>0,"VDI"&W43&"-"&"Ra"&X43,"") | W43: {=INDEX(Y:Y,_xlfn.XMATCH(X43,Z:Z,0),0)} -> 0 | Y43: 41 | Z43: 11.2 | AH43: 4 | AI43: 140 | AJ43: 40 | AK43: 0 | AL43: 53 | AM43: 60 | AN43: 15 | AO43: 15 | AP43: 180 | AQ43: 03 | AR43: 53 | AS43: 0 | AT43: 40 | AU43: 0 | AV43: 0 | AW43: + | AX43: 31 | AY43: 15 | AZ43: 4 | BA43: 1202 | BB43: 0.112 | BC43: 0.103 | BD43: 24 | BE43: 0 | BF43: T | BG43: 0 | BH43: 0 | BI43: 1 | BJ43: 90 | BK43: 1 | BL43: 1 | BM43: 2 | BN43: 0
A44: =IF($B$16>=M44,M44,"") | M44: 27 | Q44: 铜-铝 | R44: 骨位 | S44: 44 | V44: =IF(X44>0,"VDI"&W44&"-"&"Ra"&X44,"") | W44: {=INDEX(Y:Y,_xlfn.XMATCH(X44,Z:Z,0),0)} -> 0 | Y44: 42 | Z44: 12.6 | AH44: 3 | AI44: 70 | AJ44: 25 | AK44: 0 | AL44: 33 | AM44: 60 | AN44: 15 | AO44: 15 | AP44: 180 | AQ44: 03 | AR44: 73 | AS44: 0 | AT44: 40 | AU44: 0 | AV44: 0 | AW44: + | AX44: 31 | AY44: 15 | AZ44: 4 | BA44: 1202 | BB44: 0.069 | BC44: 0.0642 | BD44: 24 | BE44: 0 | BF44: T | BG44: 0 | BH44: 4 | BI44: 1 | BJ44: 90 | BK44: 1 | BL44: 1 | BM44: 2 | BN44: 0
A45: =IF($B$16>=M45,M45,"") | M45: 28 | Q45: 铜-铝 | R45: 插件 | S45: 45 | V45: =IF(X45>0,"VDI"&W45&"-"&"Ra"&X45,"") | W45: {=INDEX(Y:Y,_xlfn.XMATCH(X45,Z:Z,0),0)} -> 0 | Y45: 43 | Z45: 14 | AH45: 2 | AI45: 40 | AJ45: 20 | AK45: 0 | AL45: 23 | AM45: 70 | AN45: 15 | AO45: 18 | AP45: 180 | AQ45: 00 | AR45: 73 | AS45: 0 | AT45: 40 | AU45: 0 | AV45: 0 | AW45: + | AX45: 31 | AY45: 15 | AZ45: 4 | BA45: 2202 | BB45: 0.039 | BC45: 0.039 | BD45: 24 | BE45: 0 | BF45: T | BG45: 0 | BH45: 2.8 | BI45: 1 | BJ45: 90 | BK45: 1 | BL45: 1 | BM45: 2 | BN45: 0
A46: =IF($B$16>=M46,M46,"") | M46: 29 | Q46: 铜-铝 | R46: 多脚 | S46: 46 | V46: =IF(X46>0,"VDI"&W46&"-"&"Ra"&X46,"") | W46: {=INDEX(Y:Y,_xlfn.XMATCH(X46,Z:Z,0),0)} -> 0 | Y46: 44 | Z46: 16 | AH46: 1 | AI46: 10 | AJ46: 10 | AK46: 0 | AL46: 13 | AM46: 85 | AN46: 15 | AO46: 18 | AP46: 180 | AQ46: 00 | AR46: 73 | AS46: 0 | AT46: 40 | AU46: 0 | AV46: 0 | AW46: + | AX46: 31 | AY46: 15 | AZ46: 4 | BA46: 3202 | BB46: 0.015 | BC46: 0.023 | BD46: 24 | BE46: 0 | BF46: T | BG46: 0 | BH46: 2 | BI46: 1 | BJ46: 90 | BK46: 1 | BL46: 1 | BM46: 2 | BN46: 0
A47: =IF($B$16>=M47,M47,"") | M47: 30 | Q47: 铜-铝 | R47: 螺牙 | S47: 47 | V47: =IF(X47>0,"VDI"&W47&"-"&"Ra"&X47,"") | W47: {=INDEX(Y:Y,_xlfn.XMATCH(X47,Z:Z,0),0)} -> 0 | Y47: 45 | Z47: 18 | AH47: 5 | AI47: 300 | AJ47: 55 | AK47: 0 | AL47: 135 | AM47: 50 | AN47: 15 | AO47: 15 | AP47: 180 | AQ47: 03 | AR47: 31 | AS47: 0 | AT47: 0 | AU47: 1 | AV47: 0 | AW47: + | AX47: 21 | AY47: 10 | AZ47: 3 | BA47: 1502 | BB47: 0.256 | BC47: 0.2253 | BD47: 24 | BE47: 0 | BF47: T | BG47: 0 | BH47: 0 | BI47: 1 | BJ47: 90 | BK47: 1 | BL47: 1 | BM47: 2.8 | BN47: 0
A48: =IF($B$16>=M48,M48,"") | M48: 31 | Q48: 铜-铝 | R48: 蜗杆 | S48: 48 | V48: =IF(X48>0,"VDI"&W48&"-"&"Ra"&X48,"") | W48: {=INDEX(Y:Y,_xlfn.XMATCH(X48,Z:Z,0),0)} -> 0 | Y48: 0 | Z48: 0 | AH48: 4 | AI48: 200 | AJ48: 40 | AK48: 0 | AL48: 85 | AM48: 50 | AN48: 15 | AO48: 15 | AP48: 180 | AQ48: 03 | AR48: 32 | AS48: 0 | AT48: 0 | AU48: 1 | AV48: 0 | AW48: + | AX48: 31 | AY48: 15 | AZ48: 4 | BA48: 1502 | BB48: 0.162 | BC48: 0.1474 | BD48: 24 | BE48: 0 | BF48: T | BG48: 0 | BH48: 0 | BI48: 1 | BJ48: 90 | BK48: 1 | BL48: 1 | BM48: 2.8 | BN48: 0
A49: =IF($B$16>=M49,M49,"") | M49: 32 | Q49: 铜-铝 | R49: 清角 | S49: 49 | V49: =IF(X49>0,"VDI"&W49&"-"&"Ra"&X49,"") | AH49: 3 | AI49: 140 | AJ49: 40 | AK49: 0 | AL49: 53 | AM49: 60 | AN49: 15 | AO49: 15 | AP49: 180 | AQ49: 03 | AR49: 53 | AS49: 0 | AT49: 40 | AU49: 0 | AV49: 0 | AW49: + | AX49: 31 | AY49: 15 | AZ49: 4 | BA49: 1202 | BB49: 0.107 | BC49: 0.0984 | BD49: 24 | BE49: 0 | BF49: T | BG49: 0 | BH49: 0 | BI49: 1 | BJ49: 90 | BK49: 1 | BL49: 1 | BM49: 2.8 | BN49: 0
A50: =IF($B$16>=M50,M50,"") | M50: 33 | Q50: 铜-铝 | R50: 进胶口 | S50: 50 | V50: =IF(X50>0,"VDI"&W50&"-"&"Ra"&X50,"") | AH50: 2 | AI50: 70 | AJ50: 25 | AK50: 0 | AL50: 33 | AM50: 60 | AN50: 15 | AO50: 15 | AP50: 180 | AQ50: 03 | AR50: 73 | AS50: 0 | AT50: 40 | AU50: 0 | AV50: 0 | AW50: + | AX50: 31 | AY50: 15 | AZ50: 4 | BA50: 1202 | BB50: 0.064 | BC50: 0.0595 | BD50: 24 | BE50: 0 | BF50: T | BG50: 0 | BH50: 4 | BI50: 1 | BJ50: 90 | BK50: 1 | BL50: 1 | BM50: 2.8 | BN50: 0
A51: =IF($B$16>=M51,M51,"") | M51: 34 | Q51: 石墨-铝 | R51: 通用 | S51: 51 | V51: =IF(X51>0,"VDI"&W51&"-"&"Ra"&X51,"") | AH51: 1 | AI51: 40 | AJ51: 30 | AK51: 0 | AL51: 23 | AM51: 70 | AN51: 15 | AO51: 18 | AP51: 180 | AQ51: 00 | AR51: 73 | AS51: 0 | AT51: 40 | AU51: 0 | AV51: 0 | AW51: + | AX51: 31 | AY51: 15 | AZ51: 4 | BA51: 3202 | BB51: 0.045 | BC51: 0.025 | BD51: 24 | BE51: 0 | BF51: T | BG51: 0 | BH51: 2.8 | BI51: 1 | BJ51: 90 | BK51: 1 | BL51: 1 | BM51: 2.8 | BN51: 0
A52: =IF($B$16>=M52,M52,"") | M52: 35 | Q52: 石墨-铝 | R52: 深腔 | S52: 52 | V52: =IF(X52>0,"VDI"&W52&"-"&"Ra"&X52,"") | AH52: 4 | AI52: 300 | AJ52: 55 | AK52: 0 | AL52: 135 | AM52: 50 | AN52: 15 | AO52: 15 | AP52: 180 | AQ52: 03 | AR52: 31 | AS52: 0 | AT52: 0 | AU52: 1 | AV52: 0 | AW52: + | AX52: 21 | AY52: 10 | AZ52: 3 | BA52: 1502 | BB52: 0.242 | BC52: 0.213 | BD52: 24 | BE52: 0 | BF52: T | BG52: 0 | BH52: 0 | BI52: 1 | BJ52: 90 | BK52: 1 | BL52: 1 | BM52: 4 | BN52: 0
A53: =IF($B$16>=M53,M53,"") | M53: 36 | Q53: 石墨-铝 | R53: 大面积 | S53: 53 | V53: =IF(X53>0,"VDI"&W53&"-"&"Ra"&X53,"") | AH53: 3 | AI53: 200 | AJ53: 40 | AK53: 0 | AL53: 85 | AM53: 50 | AN53: 15 | AO53: 15 | AP53: 180 | AQ53: 03 | AR53: 32 | AS53: 0 | AT53: 0 | AU53: 1 | AV53: 0 | AW53: + | AX53: 31 | AY53: 15 | AZ53: 4 | BA53: 1502 | BB53: 0.148 | BC53: 0.1347 | BD53: 24 | BE53: 0 | BF53: T | BG53: 0 | BH53: 0 | BI53: 1 | BJ53: 90 | BK53: 1 | BL53: 1 | BM53: 4 | BN53: 0
A54: =IF($B$16>=M54,M54,"") | M54: 37 | Q54: 石墨-铝 | R54: 骨位 | S54: 54 | V54: =IF(X54>0,"VDI"&W54&"-"&"Ra"&X54,"") | AH54: 2 | AI54: 140 | AJ54: 40 | AK54: 0 | AL54: 53 | AM54: 60 | AN54: 15 | AO54: 15 | AP54: 180 | AQ54: 03 | AR54: 53 | AS54: 0 | AT54: 40 | AU54: 0 | AV54: 0 | AW54: + | AX54: 31 | AY54: 15 | AZ54: 4 | BA54: 1202 | BB54: 0.093 | BC54: 0.0856 | BD54: 24 | BE54: 0 | BF54: T | BG54: 0 | BH54: 0 | BI54: 1 | BJ54: 90 | BK54: 1 | BL54: 1 | BM54: 4 | BN54: 0
A55: =IF($B$16>=M55,M55,"") | M55: 38 | Q55: 石墨-铝 | R55: 插件 | S55: 55 | V55: =IF(X55>0,"VDI"&W55&"-"&"Ra"&X55,"") | AH55: 1 | AI55: 60 | AJ55: 35 | AK55: 0 | AL55: 33 | AM55: 60 | AN55: 15 | AO55: 15 | AP55: 180 | AQ55: 00 | AR55: 73 | AS55: 0 | AT55: 40 | AU55: 0 | AV55: 0 | AW55: + | AX55: 31 | AY55: 15 | AZ55: 4 | BA55: 2202 | BB55: 0.044 | BC55: 0.038 | BD55: 24 | BE55: 0 | BF55: T | BG55: 0 | BH55: 4 | BI55: 1 | BJ55: 90 | BK55: 1 | BL55: 1 | BM55: 4 | BN55: 0
A56: =IF($B$16>=M56,M56,"") | M56: 39 | Q56: 石墨-铝 | R56: 多脚 | S56: 56 | V56: =IF(X56>0,"VDI"&W56&"-"&"Ra"&X56,"") | AH56: 10 | AI56: 140 | AJ56: 55 | AK56: 1000 | AL56: 310 | AM56: 71 | AN56: 5 | AO56: 13 | AP56: 125 | AQ56: 03 | AR56: 43 | AS56: 0 | AT56: 141 | AU56: 0 | AV56: 0 | AW56: + | AX56: 22 | AY56: 15 | AZ56: 2 | BA56: 0 | BB56: 0.405 | BC56: 0.5 | BD56: 24 | BE56: 0 | BF56: T | BG56: 0 | BH56: 0 | BI56: 2 | BJ56: 90 | BK56: 1 | BL56: 1 | BM56: 0.63 | BN56: 0
A57: =IF($B$16>=M57,M57,"") | M57: 40 | Q57: 石墨-铝 | R57: 螺牙 | S57: 57 | AH57: 9 | AI57: 110 | AJ57: 55 | AK57: 1000 | AL57: 220 | AM57: 50 | AN57: 9 | AO57: 15 | AP57: 125 | AQ57: 03 | AR57: 63 | AS57: 0 | AT57: 0 | AU57: 0 | AV57: 0 | AW57: + | AX57: 22 | AY57: 12 | AZ57: 2 | BA57: 0 | BB57: 0.367 | BC57: 0.2532 | BD57: 24 | BE57: 0 | BF57: T | BG57: 0 | BH57: 0 | BI57: 2 | BJ57: 90 | BK57: 1 | BL57: 1 | BM57: 0.63 | BN57: 0
A58: =IF($B$16>=M58,M58,"") | M58: 41 | Q58: 石墨-铝 | R58: 蜗杆 | S58: 58 | AH58: 8 | AI58: 80 | AJ58: 20 | AK58: 1000 | AL58: 160 | AM58: 55 | AN58: 9 | AO58: 15 | AP58: 125 | AQ58: 03 | AR58: 63 | AS58: 0 | AT58: 0 | AU58: 0 | AV58: 0 | AW58: + | AX58: 22 | AY58: 12 | AZ58: 2 | BA58: 0 | BB58: 0.279 | BC58: 0.1869 | BD58: 24 | BE58: 0 | BF58: T | BG58: 0 | BH58: 0 | BI58: 2 | BJ58: 90 | BK58: 1 | BL58: 1 | BM58: 0.63 | BN58: 0
A59: =IF($B$16>=M59,M59,"") | M59: 42 | Q59: 石墨-铝 | R59: 清角 | S59: 59 | AH59: 7 | AI59: 60 | AJ59: 15 | AK59: 0 | AL59: 90 | AM59: 60 | AN59: 9 | AO59: 15 | AP59: 125 | AQ59: 03 | AR59: 73 | AS59: 0 | AT59: 0 | AU59: 0 | AV59: 0 | AW59: + | AX59: 22 | AY59: 12 | AZ59: 2 | BA59: 0 | BB59: 0.202 | BC59: 0.1394 | BD59: 24 | BE59: 0 | BF59: T | BG59: 0 | BH59: 0 | BI59: 2 | BJ59: 90 | BK59: 1 | BL59: 1 | BM59: 0.63 | BN59: 0
A60: =IF($B$16>=M60,M60,"") | M60: 43 | Q60: 石墨-铝 | R60: 进胶口 | S60: 60 | AH60: 6 | AI60: 40 | AJ60: 10 | AK60: 0 | AL60: 60 | AM60: 55 | AN60: 9 | AO60: 15 | AP60: 125 | AQ60: 03 | AR60: 73 | AS60: 0 | AT60: 0 | AU60: 0 | AV60: 0 | AW60: + | AX60: 22 | AY60: 12 | AZ60: 2 | BA60: 0 | BB60: 0.146 | BC60: 0.1007 | BD60: 24 | BE60: 0 | BF60: T | BG60: 0 | BH60: 0 | BI60: 2 | BJ60: 90 | BK60: 1 | BL60: 1 | BM60: 0.63 | BN60: 0
A61: =IF($B$16>=M61,M61,"") | M61: 44 | Q61: 钢-铍铜 | R61: 通用 | S61: 61 | AH61: 5 | AI61: 20 | AJ61: 30 | AK61: 0 | AL61: 30 | AM61: 60 | AN61: 9 | AO61: 15 | AP61: 125 | AQ61: 03 | AR61: 73 | AS61: 0 | AT61: 0 | AU61: 0 | AV61: 0 | AW61: + | AX61: 22 | AY61: 12 | AZ61: 2 | BA61: 0 | BB61: 0.09 | BC61: 0.0657 | BD61: 24 | BE61: 0 | BF61: T | BG61: 0 | BH61: 4.5 | BI61: 2 | BJ61: 90 | BK61: 1 | BL61: 1 | BM61: 0.63 | BN61: 0
A62: =IF($B$16>=M62,M62,"") | M62: 45 | Q62: 钢-铍铜 | R62: 深腔 | S62: 62 | AH62: 4 | AI62: 14 | AJ62: 25 | AK62: 0 | AL62: 20 | AM62: 60 | AN62: 8 | AO62: 15 | AP62: 125 | AQ62: 00 | AR62: 73 | AS62: 0 | AT62: 0 | AU62: 10 | AV62: 0 | AW62: + | AX62: 22 | AY62: 12 | AZ62: 2 | BA62: 0 | BB62: 0.045 | BC62: 0.041 | BD62: 24 | BE62: 0 | BF62: T | BG62: 0 | BH62: 2.8 | BI62: 2 | BJ62: 90 | BK62: 1 | BL62: 1 | BM62: 0.63 | BN62: 0
A63: =IF($B$16>=M63,M63,"") | M63: 46 | Q63: 钢-铍铜 | R63: 大面积 | S63: 63 | AH63: 3 | AI63: 8 | AJ63: 20 | AK63: 0 | AL63: 10 | AM63: 75 | AN63: 8 | AO63: 15 | AP63: 125 | AQ63: 00 | AR63: 73 | AS63: 0 | AT63: 0 | AU63: 20 | AV63: 0 | AW63: + | AX63: 22 | AY63: 0 | AZ63: 2 | BA63: 0 | BB63: 0.031 | BC63: 0.0291 | BD63: 24 | BE63: 0 | BF63: T | BG63: 0 | BH63: 1.6 | BI63: 2 | BJ63: 90 | BK63: 1 | BL63: 1 | BM63: 0.63 | BN63: 0
A64: =IF($B$16>=M64,M64,"") | M64: 47 | Q64: 钢-铍铜 | R64: 骨位 | S64: 64 | AH64: 802 | AI64: 1 | AJ64: 16 | AK64: 0 | AL64: 0 | AM64: 90 | AN64: 8 | AO64: 15 | AP64: 125 | AQ64: 00 | AR64: 63 | AS64: 0 | AT64: 7 | AU64: 10 | AV64: 2 | AW64: - | AX64: 22 | AY64: 0 | AZ64: 2 | BA64: 0 | BB64: 0.019 | BC64: 0.034 | BD64: 24 | BE64: 1 | BF64: Z | BG64: 14640 | BH64: 0.8 | BI64: 2 | BJ64: 90 | BK64: 1 | BL64: 1 | BM64: 0.63 | BN64: 0
A65: =IF($B$16>=M65,M65,"") | M65: 48 | Q65: 钢-铍铜 | R65: 插件 | S65: 65 | AH65: 802 | AI65: 1 | AJ65: 16 | AK65: 0 | AL65: 0 | AM65: 90 | AN65: 8 | AO65: 15 | AP65: 125 | AQ65: 00 | AR65: 63 | AS65: 0 | AT65: 7 | AU65: 10 | AV65: 2 | AW65: - | AX65: 22 | AY65: 0 | AZ65: 2 | BA65: 0 | BB65: 0.039 | BC65: 0.0191 | BD65: 24 | BE65: 1 | BF65: Z | BG65: 520 | BH65: 0.8 | BI65: 2 | BJ65: 90 | BK65: 1 | BL65: 1 | BM65: 0.63 | BN65: 0
A66: =IF($B$16>=M66,M66,"") | M66: 49 | Q66: 钢-铍铜 | R66: 多脚 | S66: 66 | AH66: 801 | AI66: 1 | AJ66: 16 | AK66: 0 | AL66: 0 | AM66: 90 | AN66: 8 | AO66: 15 | AP66: 125 | AQ66: 00 | AR66: 63 | AS66: 0 | AT66: 4 | AU66: 10 | AV66: 1 | AW66: - | AX66: 22 | AY66: 0 | AZ66: 2 | BA66: 0 | BB66: 0.009 | BC66: 0.024 | BD66: 24 | BE66: 1 | BF66: Z | BG66: 14640 | BH66: 0.63 | BI66: 2 | BJ66: 90 | BK66: 1 | BL66: 1 | BM66: 0.63 | BN66: 0
A67: =IF($B$16>=M67,M67,"") | M67: 50 | Q67: 钢-铍铜 | R67: 螺牙 | S67: 67 | AH67: 801 | AI67: 1 | AJ67: 16 | AK67: 0 | AL67: 0 | AM67: 90 | AN67: 8 | AO67: 15 | AP67: 125 | AQ67: 00 | AR67: 63 | AS67: 0 | AT67: 4 | AU67: 10 | AV67: 1 | AW67: - | AX67: 22 | AY67: 0 | AZ67: 2 | BA67: 0 | BB67: 0.029 | BC67: 0.009 | BD67: 24 | BE67: 1 | BF67: Z | BG67: 520 | BH67: 0.63 | BI67: 2 | BJ67: 90 | BK67: 1 | BL67: 1 | BM67: 0.63 | BN67: 0
A68: =IF($B$16>=M68,M68,"") | M68: 51 | Q68: 钢-铍铜 | R68: 蜗杆 | S68: 68 | AH68: 9 | AI68: 140 | AJ68: 55 | AK68: 1000 | AL68: 310 | AM68: 71 | AN68: 5 | AO68: 13 | AP68: 125 | AQ68: 03 | AR68: 43 | AS68: 0 | AT68: 141 | AU68: 0 | AV68: 0 | AW68: + | AX68: 22 | AY68: 15 | AZ68: 2 | BA68: 0 | BB68: 0.403 | BC68: 0.5 | BD68: 24 | BE68: 0 | BF68: T | BG68: 0 | BH68: 0 | BI68: 2 | BJ68: 90 | BK68: 1 | BL68: 1 | BM68: 0.8 | BN68: 0
... A80: =IF($B$16>=M80,M80,"") | M80: 63 | Q80: 石墨-铍铜 | R80: 进胶口 | S80: 80 | AH80: 6 | AI80: 80 | AJ80: 20 | AK80: 1000 | AL80: 160 | AM80: 55 | AN80: 9 | AO80: 15 | AP80: 125 | AQ80: 03 | AR80: 63 | AS80: 0 | AT80: 0 | AU80: 0 | AV80: 0 | AW80: + | AX80: 22 | AY80: 12 | AZ80: 2 | BA80: 0 | BB80: 0.272 | BC80: 0.1822 | BD80: 24 | BE80: 0 | BF80: T | BG80: 0 | BH80: 0 | BI80: 2 | BJ80: 90 | BK80: 1 | BL80: 1 | BM80: 1.6 | BN80: 0
A81: =IF($B$16>=M81,M81,"") | M81: 64 | AH81: 5 | AI81: 60 | AJ81: 15 | AK81: 0 | AL81: 90 | AM81: 60 | AN81: 9 | AO81: 15 | AP81: 125 | AQ81: 03 | AR81: 73 | AS81: 0 | AT81: 0 | AU81: 0 | AV81: 0 | AW81: + | AX81: 22 | AY81: 12 | AZ81: 2 | BA81: 0 | BB81: 0.195 | BC81: 0.1346 | BD81: 24 | BE81: 0 | BF81: T | BG81: 0 | BH81: 0 | BI81: 2 | BJ81: 90 | BK81: 1 | BL81: 1 | BM81: 1.6 | BN81: 0
AH82: 4 | AI82: 40 | AJ82: 10 | AK82: 0 | AL82: 60 | AM82: 55 | AN82: 9 | AO82: 15 | AP82: 125 | AQ82: 03 | AR82: 73 | AS82: 0 | AT82: 0 | AU82: 0 | AV82: 0 | AW82: + | AX82: 22 | AY82: 12 | AZ82: 2 | BA82: 0 | BB82: 0.139 | BC82: 0.0959 | BD82: 24 | BE82: 0 | BF82: T | BG82: 0 | BH82: 0 | BI82: 2 | BJ82: 90 | BK82: 1 | BL82: 1 | BM82: 1.6 | BN82: 0
AH83: 3 | AI83: 20 | AJ83: 30 | AK83: 0 | AL83: 30 | AM83: 60 | AN83: 9 | AO83: 15 | AP83: 125 | AQ83: 03 | AR83: 73 | AS83: 0 | AT83: 0 | AU83: 0 | AV83: 0 | AW83: + | AX83: 22 | AY83: 12 | AZ83: 2 | BA83: 0 | BB83: 0.083 | BC83: 0.0606 | BD83: 24 | BE83: 0 | BF83: T | BG83: 0 | BH83: 4.5 | BI83: 2 | BJ83: 90 | BK83: 1 | BL83: 1 | BM83: 1.6 | BN83: 0
AH84: 2 | AI84: 14 | AJ84: 25 | AK84: 0 | AL84: 20 | AM84: 60 | AN84: 8 | AO84: 15 | AP84: 125 | AQ84: 00 | AR84: 73 | AS84: 0 | AT84: 0 | AU84: 10 | AV84: 0 | AW84: + | AX84: 22 | AY84: 12 | AZ84: 2 | BA84: 0 | BB84: 0.038 | BC84: 0.0346 | BD84: 24 | BE84: 0 | BF84: T | BG84: 0 | BH84: 2.8 | BI84: 2 | BJ84: 90 | BK84: 1 | BL84: 1 | BM84: 1.6 | BN84: 0
AH85: 1 | AI85: 8 | AJ85: 20 | AK85: 0 | AL85: 10 | AM85: 60 | AN85: 8 | AO85: 15 | AP85: 125 | AQ85: 00 | AR85: 73 | AS85: 0 | AT85: 0 | AU85: 10 | AV85: 0 | AW85: + | AX85: 22 | AY85: 8 | AZ85: 2 | BA85: 0 | BB85: 0.027 | BC85: 0.025 | BD85: 24 | BE85: 0 | BF85: T | BG85: 0 | BH85: 1.6 | BI85: 2 | BJ85: 90 | BK85: 1 | BL85: 1 | BM85: 1.6 | BN85: 0
AH86: 7 | AI86: 140 | AJ86: 55 | AK86: 1000 | AL86: 310 | AM86: 71 | AN86: 5 | AO86: 13 | AP86: 125 | AQ86: 03 | AR86: 43 | AS86: 0 | AT86: 141 | AU86: 0 | AV86: 0 | AW86: + | AX86: 22 | AY86: 15 | AZ86: 2 | BA86: 0 | BB86: 0.392 | BC86: 0.5 | BD86: 24 | BE86: 0 | BF86: T | BG86: 0 | BH86: 0 | BI86: 2 | BJ86: 90 | BK86: 1 | BL86: 1 | BM86: 2 | BN86: 0
AH87: 6 | AI87: 110 | AJ87: 55 | AK87: 1000 | AL87: 220 | AM87: 50 | AN87: 9 | AO87: 15 | AP87: 125 | AQ87: 03 | AR87: 63 | AS87: 0 | AT87: 0 | AU87: 0 | AV87: 0 | AW87: + | AX87: 22 | AY87: 12 | AZ87: 2 | BA87: 0 | BB87: 0.354 | BC87: 0.2443 | BD87: 24 | BE87: 0 | BF87: T | BG87: 0 | BH87: 0 | BI87: 2 | BJ87: 90 | BK87: 1 | BL87: 1 | BM87: 2 | BN87: 0
AH88: 5 | AI88: 80 | AJ88: 20 | AK88: 1000 | AL88: 160 | AM88: 55 | AN88: 9 | AO88: 15 | AP88: 125 | AQ88: 03 | AR88: 63 | AS88: 0 | AT88: 0 | AU88: 0 | AV88: 0 | AW88: + | AX88: 22 | AY88: 12 | AZ88: 2 | BA88: 0 | BB88: 0.266 | BC88: 0.1782 | BD88: 24 | BE88: 0 | BF88: T | BG88: 0 | BH88: 0 | BI88: 2 | BJ88: 90 | BK88: 1 | BL88: 1 | BM88: 2 | BN88: 0
AH89: 4 | AI89: 60 | AJ89: 15 | AK89: 0 | AL89: 90 | AM89: 60 | AN89: 9 | AO89: 15 | AP89: 125 | AQ89: 03 | AR89: 73 | AS89: 0 | AT89: 0 | AU89: 0 | AV89: 0 | AW89: + | AX89: 22 | AY89: 12 | AZ89: 2 | BA89: 0 | BB89: 0.189 | BC89: 0.1304 | BD89: 24 | BE89: 0 | BF89: T | BG89: 0 | BH89: 0 | BI89: 2 | BJ89: 90 | BK89: 1 | BL89: 1 | BM89: 2 | BN89: 0
AH90: 3 | AI90: 40 | AJ90: 10 | AK90: 0 | AL90: 60 | AM90: 55 | AN90: 9 | AO90: 15 | AP90: 125 | AQ90: 03 | AR90: 73 | AS90: 0 | AT90: 0 | AU90: 0 | AV90: 0 | AW90: + | AX90: 22 | AY90: 12 | AZ90: 2 | BA90: 0 | BB90: 0.133 | BC90: 0.0918 | BD90: 24 | BE90: 0 | BF90: T | BG90: 0 | BH90: 0 | BI90: 2 | BJ90: 90 | BK90: 1 | BL90: 1 | BM90: 2 | BN90: 0
AH91: 2 | AI91: 20 | AJ91: 30 | AK91: 0 | AL91: 30 | AM91: 60 | AN91: 9 | AO91: 15 | AP91: 125 | AQ91: 03 | AR91: 73 | AS91: 0 | AT91: 0 | AU91: 0 | AV91: 0 | AW91: + | AX91: 22 | AY91: 12 | AZ91: 2 | BA91: 0 | BB91: 0.077 | BC91: 0.0562 | BD91: 24 | BE91: 0 | BF91: T | BG91: 0 | BH91: 4.5 | BI91: 2 | BJ91: 90 | BK91: 1 | BL91: 1 | BM91: 2 | BN91: 0
AH92: 1 | AI92: 14 | AJ92: 20 | AK92: 0 | AL92: 20 | AM92: 60 | AN92: 8 | AO92: 15 | AP92: 125 | AQ92: 00 | AR92: 73 | AS92: 0 | AT92: 0 | AU92: 10 | AV92: 0 | AW92: + | AX92: 22 | AY92: 12 | AZ92: 2 | BA92: 0 | BB92: 0.039 | BC92: 0.029 | BD92: 24 | BE92: 0 | BF92: T | BG92: 0 | BH92: 2 | BI92: 2 | BJ92: 90 | BK92: 1 | BL92: 1 | BM92: 2 | BN92: 0
AH93: 7 | AI93: 140 | AJ93: 55 | AK93: 1000 | AL93: 310 | AM93: 71 | AN93: 5 | AO93: 13 | AP93: 125 | AQ93: 03 | AR93: 43 | AS93: 0 | AT93: 141 | AU93: 0 | AV93: 0 | AW93: + | AX93: 22 | AY93: 15 | AZ93: 2 | BA93: 0 | BB93: 0.392 | BC93: 0.5 | BD93: 24 | BE93: 0 | BF93: T | BG93: 0 | BH93: 0 | BI93: 2 | BJ93: 90 | BK93: 1 | BL93: 1 | BM93: 2.8 | BN93: 0
... AH111: 1 | AI111: 30 | AJ111: 30 | AK111: 0 | AL111: 50 | AM111: 60 | AN111: 9 | AO111: 15 | AP111: 125 | AQ111: 03 | AR111: 73 | AS111: 0 | AT111: 0 | AU111: 10 | AV111: 0 | AW111: + | AX111: 22 | AY111: 18 | AZ111: 2 | BA111: 0 | BB111: 0.102 | BC111: 0.068 | BD111: 24 | BE111: 0 | BF111: T | BG111: 0 | BH111: 4.5 | BI111: 2 | BJ111: 90 | BK111: 1 | BL111: 1 | BM111: 4.5 | BN111: 0

Sheet 逻辑层
A1: ( | B1: EX | C1: ON | D1: OFF | E1: MA | F1: IP | G1: SV | H1: UP | I1: DN | J1: LN | K1: LP | L1: STEP | M1: PL | N1: V | O1: HP | P1: PP | Q1: C | R1: S | S1: L | T1: AL | U1: JS | V1: JM | W1: OC | X1: LD) | Y1: ; | Z1: 底部余量 | AA1: 侧面余量 | AB1: 定时 | AC1: 定时时间 | AD1: 数据库说明：通过电极形状选择数据表，每个数据表内包含不同的材料，有常规参数和切入参数，切入参数用于第一行加工。
A2: {=TEXT(INDEX(BB1:BB108,_xlfn.XMATCH(EDM自动!$B$12,$BW$1:$BW$108,-1))+1,"C000")} -> C006 | B2: = | C2: {=TEXT(INDEX(INDIRECT("'"&EDM自动!$B$3&"'!c1:c9999"),_xlfn.XMATCH(EDM自动!$G$2&EDM自动!$G$3&EDM自动!$G$11&"1"&EDM自动!$B$12,INDIRECT("'"&EDM自动!$B$3&"'!AC1:AC9999")&INDIRECT("'"&EDM自动!$B$3&"'!AE1:AE9999")&INDIRECT("'"&EDM自动!$B$3&"'!AF1:AF9999")&INDIRECT("'"&EDM自动!$B$3&"'!AH1:AH9999")&INDIRECT("'"&EDM自动!$B$3&"'!W1:W9999"),-1)),"0000")} -> 0110 | D2: {=TEXT(INDEX(INDIRECT("'"&EDM自动!$B$3&"'!D1:D9999"),_xlfn.XMATCH(EDM自动!$G$2&EDM自动!$G$3&EDM自动!$G$11&"1"&EDM自动!$B$12,INDIRECT("'"&EDM自动!$B$3&"'!AC1:AC9999")&INDIRECT("'"&EDM自动!$B$3&"'!AE1:AE9999")&INDIRECT("'"&EDM自动!$B$3&"'!AF1:AF9999")&INDIRECT("'"&EDM自动!$B$3&"'!AH1:AH9999")&INDIRECT("'"&EDM自动!$B$3&"'!W1:W9999"),-1)),"0000")} -> 0030 | E2: {=TEXT(INDEX(INDIRECT("'"&EDM自动!$B$3&"'!e1:e9999"),_xlfn.XMATCH(EDM自动!$G$2&EDM自动!$G$3&EDM自动!$G$11&"1"&EDM自动!$B$12,INDIRECT("'"&EDM自动!$B$3&"'!AC1:AC9999")&INDIRECT("'"&EDM自动!$B$3&"'!AE1:AE9999")&INDIRECT("'"&EDM自动!$B$3&"'!AF1:AF9999")&INDIRECT("'"&EDM自动!$B$3&"'!AH1:AH9999")&INDIRECT("'"&EDM自动!$B$3&"'!W1:W9999"),-1)),"0000")} -> 0000 | F2: {=TEXT(INDEX(INDIRECT("'"&EDM自动!$B$3&"'!f1:f9999"),_xlfn.XMATCH(EDM自动!$G$2&EDM自动!$G$3&EDM自动!$G$11&"1"&EDM自动!$B$12,INDIRECT("'"&EDM自动!$B$3&"'!AC1:AC9999")&INDIRECT("'"&EDM自动!$B$3&"'!AE1:AE9999")&INDIRECT("'"&EDM自动!$B$3&"'!AF1:AF9999")&INDIRECT("'"&EDM自动!$B$3&"'!AH1:AH9999")&INDIRECT("'"&EDM自动!$B$3&"'!W1:W9999"),-1)),"0000")} -> 0033 | G2: {=TEXT(INDEX(INDIRECT("'"&EDM自动!$B$3&"'!g1:g9999"),_xlfn.XMATCH(EDM自动!$G$2&EDM自动!$G$3&EDM自动!$G$11&"1"&EDM自动!$B$12,INDIRECT("'"&EDM自动!$B$3&"'!AC1:AC9999")&INDIRECT("'"&EDM自动!$B$3&"'!AE1:AE9999")&INDIRECT("'"&EDM自动!$B$3&"'!AF1:AF9999")&INDIRECT("'"&EDM自动!$B$3&"'!AH1:AH9999")&INDIRECT("'"&EDM自动!$B$3&"'!W1:W9999"),-1)),"000")} -> 055 | H2: {=TEXT(INDEX(INDIRECT("'"&EDM自动!$B$3&"'!h1:h9999"),_xlfn.XMATCH(EDM自动!$G$2&EDM自动!$G$3&EDM自动!$G$11&"1"&EDM自动!$B$12,INDIRECT("'"&EDM自动!$B$3&"'!AC1:AC9999")&INDIRECT("'"&EDM自动!$B$3&"'!AE1:AE9999")&INDIRECT("'"&EDM自动!$B$3&"'!AF1:AF9999")&INDIRECT("'"&EDM自动!$B$3&"'!AH1:AH9999")&INDIRECT("'"&EDM自动!$B$3&"'!W1:W9999"),-1)),"000")} -> 011 | I2: {=TEXT(INDEX(INDIRECT("'"&EDM自动!$B$3&"'!i1:i9999"),_xlfn.XMATCH(EDM自动!$G$2&EDM自动!$G$3&EDM自动!$G$11&"1"&EDM自动!$B$12,INDIRECT("'"&EDM自动!$B$3&"'!AC1:AC9999")&INDIRECT("'"&EDM自动!$B$3&"'!AE1:AE9999")&INDIRECT("'"&EDM自动!$B$3&"'!AF1:AF9999")&INDIRECT("'"&EDM自动!$B$3&"'!AH1:AH9999")&INDIRECT("'"&EDM自动!$B$3&"'!W1:W9999"),-1)),"000")} -> 009 | J2: =TEXT(IF(AA2=0,"",0),"000") -> 000 | K2: =IF(AA2=0,"",IF(A2=0,"",EDM自动!$C$9)) -> LP=1234 | L2: =TEXT(IF(AA2=0,"",0),"0.000") -> 0.000 | M2: {=INDEX(INDIRECT("'"&EDM自动!$B$3&"'!q1:q9999"),_xlfn.XMATCH(EDM自动!$G$2&EDM自动!$G$3&EDM自动!$G$11&"1"&EDM自动!$B$12,INDIRECT("'"&EDM自动!$B$3&"'!AC1:AC9999")&INDIRECT("'"&EDM自动!$B$3&"'!AE1:AE9999")&INDIRECT("'"&EDM自动!$B$3&"'!AF1:AF9999")&INDIRECT("'"&EDM自动!$B$3&"'!AH1:AH9999")&INDIRECT("'"&EDM自动!$B$3&"'!W1:W9999"),-1))} -> + | N2: {=TEXT(LEFT(INDEX(INDIRECT("'"&EDM自动!$B$3&"'!r1:r9999"),_xlfn.XMATCH(EDM自动!$G$2&EDM自动!$G$3&EDM自动!$G$11&"1"&EDM自动!$B$12,INDIRECT("'"&EDM自动!$B$3&"'!AC1:AC9999")&INDIRECT("'"&EDM自动!$B$3&"'!AE1:AE9999")&INDIRECT("'"&EDM自动!$B$3&"'!AF1:AF9999")&INDIRECT("'"&EDM自动!$B$3&"'!AH1:AH9999")&INDIRECT("'"&EDM自动!$B$3&"'!W1:W9999"),-1)),1),"00")} -> 02 | O2: {=TEXT(INDEX(INDIRECT("'"&EDM自动!$B$3&"'!n1:n9999"),_xlfn.XMATCH(EDM自动!$G$2&EDM自动!$G$3&EDM自动!$G$11&"1"&EDM自动!$B$12,INDIRECT("'"&EDM自动!$B$3&"'!AC1:AC9999")&INDIRECT("'"&EDM自动!$B$3&"'!AE1:AE9999")&INDIRECT("'"&EDM自动!$B$3&"'!AF1:AF9999")&INDIRECT("'"&EDM自动!$B$3&"'!AH1:AH9999")&INDIRECT("'"&EDM自动!$B$3&"'!W1:W9999"),-1)),"000")} -> 000 | P2: {=TEXT(INDEX(INDIRECT("'"&EDM自动!$B$3&"'!o1:o9999"),_xlfn.XMATCH(EDM自动!$G$2&EDM自动!$G$3&EDM自动!$G$11&"1"&EDM自动!$B$12,INDIRECT("'"&EDM自动!$B$3&"'!AC1:AC9999")&INDIRECT("'"&EDM自动!$B$3&"'!AE1:AE9999")&INDIRECT("'"&EDM自动!$B$3&"'!AF1:AF9999")&INDIRECT("'"&EDM自动!$B$3&"'!AH1:AH9999")&INDIRECT("'"&EDM自动!$B$3&"'!W1:W9999"),-1)),"00")} -> 11 | Q2: {=INDEX(INDIRECT("'"&EDM自动!$B$3&"'!p1:p9999"),_xlfn.XMATCH(EDM自动!$G$2&EDM自动!$G$3&EDM自动!$G$11&"1"&EDM自动!$B$12,INDIRECT("'"&EDM自动!$B$3&"'!AC1:AC9999")&INDIRECT("'"&EDM自动!$B$3&"'!AE1:AE9999")&INDIRECT("'"&EDM自动!$B$3&"'!AF1:AF9999")&INDIRECT("'"&EDM自动!$B$3&"'!AH1:AH9999")&INDIRECT("'"&EDM自动!$B$3&"'!W1:W9999"),-1))} -> 0 | R2: {=INDEX(INDIRECT("'"&EDM自动!$B$3&"'!l1:l9999"),_xlfn.XMATCH(EDM自动!$G$2&EDM自动!$G$3&EDM自动!$G$11&"1"&EDM自动!$B$12,INDIRECT("'"&EDM自动!$B$3&"'!AC1:AC9999")&INDIRECT("'"&EDM自动!$B$3&"'!AE1:AE9999")&INDIRECT("'"&EDM自动!$B$3&"'!AF1:AF9999")&INDIRECT("'"&EDM自动!$B$3&"'!AH1:AH9999")&INDIRECT("'"&EDM自动!$B$3&"'!W1:W9999"),-1))} -> 22 | S2: {=TEXT(INDEX(INDIRECT("'"&EDM自动!$B$3&"'!t1:t9999"),_xlfn.XMATCH(EDM自动!$G$2&EDM自动!$G$3&EDM自动!$G$11&EDM自动!$G$6&"1"&EDM自动!$B$12,INDIRECT("'"&EDM自动!$B$3&"'!AC1:AC9999")&INDIRECT("'"&EDM自动!$B$3&"'!AE1:AE9999")&INDIRECT("'"&EDM自动!$B$3&"'!AF1:AF9999")&INDIRECT("'"&EDM自动!$B$3&"'!AH1:AH9999")&INDIRECT("'"&EDM自动!$B$3&"'!W1:W9999"),-1)),"00")} -> 02 | T2: {=TEXT(INDEX(INDIRECT("'"&EDM自动!$B$3&"'!s1:s9999"),_xlfn.XMATCH(EDM自动!$G$2&EDM自动!$G$3&EDM自动!$G$11&"1"&EDM自动!$B$12,INDIRECT("'"&EDM自动!$B$3&"'!AC1:AC9999")&INDIRECT("'"&EDM自动!$B$3&"'!AE1:AE9999")&INDIRECT("'"&EDM自动!$B$3&"'!AF1:AF9999")&INDIRECT("'"&EDM自动!$B$3&"'!AH1:AH9999")&INDIRECT("'"&EDM自动!$B$3&"'!W1:W9999"),-1)),"00")} -> 10 | U2: {=TEXT(INDEX(INDIRECT("'"&EDM自动!$B$3&"'!j1:j9999"),_xlfn.XMATCH(EDM自动!$G$2&EDM自动!$G$3&EDM自动!$G$11&"1"&EDM自动!$B$12,INDIRECT("'"&EDM自动!$B$3&"'!AC1:AC9999")&INDIRECT("'"&EDM自动!$B$3&"'!AE1:AE9999")&INDIRECT("'"&EDM自动!$B$3&"'!AF1:AF9999")&INDIRECT("'"&EDM自动!$B$3&"'!AH1:AH9999")&INDIRECT("'"&EDM自动!$B$3&"'!W1:W9999"),-1)),"000")} -> 075 | V2: {=TEXT(INDEX(INDIRECT("'"&EDM自动!$B$3&"'!k1:k9999"),_xlfn.XMATCH(EDM自动!$G$2&EDM自动!$G$3&EDM自动!$G$11&"1"&EDM自动!$B$12,INDIRECT("'"&EDM自动!$B$3&"'!AC1:AC9999")&INDIRECT("'"&EDM自动!$B$3&"'!AE1:AE9999")&INDIRECT("'"&EDM自动!$B$3&"'!AF1:AF9999")&INDIRECT("'"&EDM自动!$B$3&"'!AH1:AH9999")&INDIRECT("'"&EDM自动!$B$3&"'!W1:W9999"),-1)),"00")} -> 03 | W2: {=TEXT(INDEX(INDIRECT("'"&EDM自动!$B$3&"'!m1:m9999"),_xlfn.XMATCH(EDM自动!$G$2&EDM自动!$G$3&EDM自动!$G$11&"1"&EDM自动!$B$12,INDIRECT("'"&EDM自动!$B$3&"'!AC1:AC9999")&INDIRECT("'"&EDM自动!$B$3&"'!AE1:AE9999")&INDIRECT("'"&EDM自动!$B$3&"'!AF1:AF9999")&INDIRECT("'"&EDM自动!$B$3&"'!AH1:AH9999")&INDIRECT("'"&EDM自动!$B$3&"'!W1:W9999"),-1)),"0000")} -> 0000 | X2: {=TEXT(INDEX(INDIRECT("'"&EDM自动!$B$3&"'!u1:u9999"),_xlfn.XMATCH(EDM自动!$G$2&EDM自动!$G$3&EDM自动!$G$11&"1"&EDM自动!$B$12,INDIRECT("'"&EDM自动!$B$3&"'!AC1:AC9999")&INDIRECT("'"&EDM自动!$B$3&"'!AE1:AE9999")&INDIRECT("'"&EDM自动!$B$3&"'!AF1:AF9999")&INDIRECT("'"&EDM自动!$B$3&"'!AH1:AH9999")&INDIRECT("'"&EDM自动!$B$3&"'!W1:W9999"),-1)),"0000")} -> 0002 | Y2: =IF(AA2=0,"",";") -> ; | Z2: {=INDEX(INDIRECT("'"&EDM自动!$B$3&"'!V1:V9999"),_xlfn.XMATCH(EDM自动!$G$2&EDM自动!$G$3&EDM自动!$G$11&"1"&EDM自动!$B$12,INDIRECT("'"&EDM自动!$B$3&"'!AC1:AC9999")&INDIRECT("'"&EDM自动!$B$3&"'!AE1:AE9999")&INDIRECT("'"&EDM自动!$B$3&"'!AF1:AF9999")&INDIRECT("'"&EDM自动!$B$3&"'!AH1:AH9999")&INDIRECT("'"&EDM自动!$B$3&"'!W1:W9999"),-1))} -> 0.137 | AA2: {=INDEX(INDIRECT("'"&EDM自动!$B$3&"'!w1:w9999"),_xlfn.XMATCH(EDM自动!$G$2&EDM自动!$G$3&EDM自动!$G$11&"1"&EDM自动!$B$12,INDIRECT("'"&EDM自动!$B$3&"'!AC1:AC9999")&INDIRECT("'"&EDM自动!$B$3&"'!AE1:AE9999")&INDIRECT("'"&EDM自动!$B$3&"'!AF1:AF9999")&INDIRECT("'"&EDM自动!$B$3&"'!AH1:AH9999")&INDIRECT("'"&EDM自动!$B$3&"'!W1:W9999"),-1))} -> 0.1 | AD2: 第一行逻辑：通过【EDM自动】中的材料、形状、重视以及写死的切入为“1”筛选出参数组，再根据【EDM自动】中设定单边火花位从参数组中的侧面余量一列调取一行参数
J3: =TEXT(IF(AA3=0,"",0),"000") | K3: =IF(AA3=0,"",IF(A3=0,"",EDM自动!$C$9)) | L3: =TEXT(IF(AA3=0,"",0),"0.000") | BB3: Cxx | BC3: ON | BD3: OFF | BE3: MA | BF3: IP | BG3: SV | BH3: UP | BI3: DN | BJ3: JS | BK3: JM | BL3: S | BM3: OC | BN3: HP | BO3: PP | BP3: C | BQ3: PL | BR3: V | BS3: AL | BT3: L | BU3: LD | BV3: 底部余量 | BW3: 侧面余量 | BX3: AJC | BY3: 加工速度 | BZ3: 定时 | CA3: 定时时间 | CB3: 粗糙度 | CC3: 材料 | CD3: 面积 | CE3: 形状 | CF3: 重视 | CG3: Ra | CH3: 切入
A4: {=IF(AA4=0,"",TEXT(INDEX(BB1:BB108,_xlfn.XMATCH(EDM自动!$B$12,$BW$1:$BW$108,-1)),"C000"))} -> C005 | B4: =IF(AA4=0,"","=") -> = | C4: {=TEXT(IF(AA4=0,"",INDEX(BC1:BC108,_xlfn.XMATCH(EDM自动!$B$12,$BW$1:$BW$108,-1))),"0000")} -> 0070 | D4: {=TEXT(IF(AA4=0,"",INDEX(BD1:BD108,_xlfn.XMATCH(EDM自动!$B$12,$BW$1:$BW$108,-1))),"0000")} -> 0025 | E4: {=TEXT(IF(AA4=0,"",INDEX(BE1:BE108,_xlfn.XMATCH(EDM自动!$B$12,$BW$1:$BW$108,-1))),"0000")} -> 0000 | F4: {=TEXT(IF(AA4=0,"",INDEX(BF1:BF108,_xlfn.XMATCH(EDM自动!$B$12,$BW$1:$BW$108,-1))),"0000")} -> 0033 | G4: {=TEXT(IF(AA4=0,"",INDEX(BG1:BG108,_xlfn.XMATCH(EDM自动!$B$12,$BW$1:$BW$108,-1))),"000")} -> 060 | H4: {=TEXT(IF(AA4=0,"",INDEX(BH1:BH108,_xlfn.XMATCH(EDM自动!$B$12,$BW$1:$BW$108,-1))),"000")} -> 015 | I4: {=TEXT(IF(AA4=0,"",INDEX(BI1:BI108,_xlfn.XMATCH(EDM自动!$B$12,$BW$1:$BW$108,-1))),"000")} -> 015 | J4: =TEXT(IF(AA4=0,"",0),"000") -> 000 | K4: =IF(AA4=0,"",IF(A4=0,"",EDM自动!$C$9)) -> LP=1234 | L4: =TEXT(IF(AA4=0,"",0),"0.000") -> 0.000 | M4: {=IF(AA4=0,"",INDEX(BQ1:BQ108,_xlfn.XMATCH(EDM自动!$B$12,$BW$1:$BW$108,-1)))} -> + | N4: {=IF(AA4=0,"",TEXT(LEFT(INDEX(BR1:BR108,_xlfn.XMATCH(EDM自动!$B$12,$BW$1:$BW$108,-1)),1),"00"))} -> 03 | O4: {=TEXT(IF(AA4=0,"",INDEX(BN1:BN108,_xlfn.XMATCH(EDM自动!$B$12,$BW$1:$BW$108,-1))),"000")} -> 040 | P4: {=TEXT(IF(AA4=0,"",INDEX(BO1:BO108,_xlfn.XMATCH(EDM自动!$B$12,$BW$1:$BW$108,-1))),"00")} -> 00 | Q4: {=IF(AA4=0,"",INDEX(BP1:BP108,_xlfn.XMATCH(EDM自动!$B$12,$BW$1:$BW$108,-1)))} -> 0 | R4: {=IF(AA4=0,"",INDEX(BL1:BL108,_xlfn.XMATCH(EDM自动!$B$12,$BW$1:$BW$108,-1)))} -> 73 | S4: {=TEXT(IF(AA4=0,"",INDEX(BT1:BT108,_xlfn.XMATCH(EDM自动!$B$12,$BW$1:$BW$108,-1))),"00")} -> 04 | T4: {=TEXT(IF(AA4=0,"",INDEX(BS1:BS108,_xlfn.XMATCH(EDM自动!$B$12,$BW$1:$BW$108,-1))),"00")} -> 15 | U4: {=TEXT(IF(AA4=0,"",INDEX(BJ1:BJ108,_xlfn.XMATCH(EDM自动!$B$12,$BW$1:$BW$108,-1))),"000")} -> 180 | V4: {=TEXT(IF(AA4=0,"",INDEX(BK1:BK108,_xlfn.XMATCH(EDM自动!$B$12,$BW$1:$BW$108,-1))),"00")} -> 03 | W4: {=TEXT(IF(AA4=0,"",INDEX(BM1:BM108,_xlfn.XMATCH(EDM自动!$B$12,$BW$1:$BW$108,-1))),"0000")} -> 0000 | X4: {=TEXT(IF(AA4=0,"",INDEX(BU1:BU108,_xlfn.XMATCH(EDM自动!$B$12,$BW$1:$BW$108,-1))),"0000")} -> 1202 | Y4: =IF(AA4=0,"",";") -> ; | Z4: {=INDEX(BV1:BV108,_xlfn.XMATCH(EDM自动!$B$12,$BW$1:$BW$108,-1))} -> 0.082 | AA4: {=INDEX(BW1:BW108,_xlfn.XMATCH(EDM自动!$B$12,$BW$1:$BW$108,-1))} -> 0.0763 | AB4: {=INDEX(BZ1:BZ108,_xlfn.XMATCH(EDM自动!$B$12,$BW$1:$BW$108,-1))} -> T | AC4: {=INDEX(CA1:CA108,_xlfn.XMATCH(EDM自动!$B$12,$BW$1:$BW$108,-1))} -> 0 | AD4: 其他逻辑：根据【EDM自动】中材料、面积、形状、重视、Ra、切入=0筛选出满足条件的整组参数，载入到右侧；再根据【EDM自动】设定单边火花位，从右侧参数的侧面余量一列向下调取参数到左侧。其中LN、LP从【EDM自动】调取，STEP设0，LN摇动模式，LP摇动形状 | BB4: {=_xlfn._xlws.FILTER(INDIRECT("'"&EDM自动!$B$3&"'!B:AH"),(INDIRECT("'"&EDM自动!$B$3&"'!AH:AH")=0)*(INDIRECT("'"&EDM自动!$B$3&"'!AC:AC")=EDM自动!$G$2)*(INDIRECT("'"&EDM自动!$B$3&"'!AE:AE")=EDM自动!$G$3)*(INDIRECT("'"&EDM自动!$B$3&"'!AF:AF")=EDM自动!$G$11)*(INDIRECT("'"&EDM自动!$B$3&"'!AG:AG")=EDM自动!$G$8)*(INDIRECT("'"&EDM自动!$B$3&"'!AD:AD")=EDM自动!$G$6))} -> 8 | BC4: 300 | BD4: 55 | BE4: 0 | BF4: 135 | BG4: 50 | BH4: 15 | BI4: 15 | BJ4: 180 | BK4: 03 | BL4: 31 | BM4: 0 | BN4: 0 | BO4: 1 | BP4: 0 | BQ4: + | BR4: 21 | BS4: 10 | BT4: 3 | BU4: 1502 | BV4: 0.274 | BW4: 0.2411 | BX4: 24 | BY4: 0 | BZ4: T | CA4: 0 | CB4: 0 | CC4: 1 | CD4: 90 | CE4: 1 | CF4: 1 | CG4: 0.63 | CH4: 0
A5: {=IF(AA5=0,"",TEXT(INDEX(BB2:BB109,_xlfn.XMATCH(EDM自动!$B$12,$BW$1:$BW$108,-1)),"C000"))} -> C004 | B5: =IF(AA5=0,"","=") -> = | C5: {=TEXT(IF(AA5=0,"",INDEX(BC2:BC109,_xlfn.XMATCH(EDM自动!$B$12,$BW$1:$BW$108,-1))),"0000")} -> 0040 | D5: {=TEXT(IF(AA5=0,"",INDEX(BD2:BD109,_xlfn.XMATCH(EDM自动!$B$12,$BW$1:$BW$108,-1))),"0000")} -> 0020 | E5: {=TEXT(IF(AA5=0,"",INDEX(BE2:BE109,_xlfn.XMATCH(EDM自动!$B$12,$BW$1:$BW$108,-1))),"0000")} -> 0000 | F5: {=TEXT(IF(AA5=0,"",INDEX(BF2:BF109,_xlfn.XMATCH(EDM自动!$B$12,$BW$1:$BW$108,-1))),"0000")} -> 0023 | G5: {=TEXT(IF(AA5=0,"",INDEX(BG2:BG109,_xlfn.XMATCH(EDM自动!$B$12,$BW$1:$BW$108,-1))),"000")} -> 070 | H5: {=TEXT(IF(AA5=0,"",INDEX(BH2:BH109,_xlfn.XMATCH(EDM自动!$B$12,$BW$1:$BW$108,-1))),"000")} -> 015 | I5: {=TEXT(IF(AA5=0,"",INDEX(BI2:BI109,_xlfn.XMATCH(EDM自动!$B$12,$BW$1:$BW$108,-1))),"000")} -> 018 | J5: =TEXT(IF(AA5=0,"",0),"000") -> 000 | K5: =IF(AA5=0,"",IF(A5=0,"",EDM自动!$C$9)) -> LP=1234 | L5: =TEXT(IF(AA5=0,"",0),"0.000") -> 0.000 | M5: {=IF(AA5=0,"",INDEX(BQ2:BQ109,_xlfn.XMATCH(EDM自动!$B$12,$BW$1:$BW$108,-1)))} -> + | N5: {=IF(AA5=0,"",TEXT(LEFT(INDEX(BR2:BR109,_xlfn.XMATCH(EDM自动!$B$12,$BW$1:$BW$108,-1)),1),"00"))} -> 03 | O5: {=TEXT(IF(AA5=0,"",INDEX(BN2:BN109,_xlfn.XMATCH(EDM自动!$B$12,$BW$1:$BW$108,-1))),"000")} -> 040 | P5: {=TEXT(IF(AA5=0,"",INDEX(BO2:BO109,_xlfn.XMATCH(EDM自动!$B$12,$BW$1:$BW$108,-1))),"00")} -> 00 | Q5: {=IF(AA5=0,"",INDEX(BP2:BP109,_xlfn.XMATCH(EDM自动!$B$12,$BW$1:$BW$108,-1)))} -> 0 | R5: {=IF(AA5=0,"",INDEX(BL2:BL109,_xlfn.XMATCH(EDM自动!$B$12,$BW$1:$BW$108,-1)))} -> 73 | S5: {=TEXT(IF(AA5=0,"",INDEX(BT2:BT109,_xlfn.XMATCH(EDM自动!$B$12,$BW$1:$BW$108,-1))),"00")} -> 04 | T5: {=TEXT(IF(AA5=0,"",INDEX(BS2:BS109,_xlfn.XMATCH(EDM自动!$B$12,$BW$1:$BW$108,-1))),"00")} -> 15 | U5: {=TEXT(IF(AA5=0,"",INDEX(BJ2:BJ109,_xlfn.XMATCH(EDM自动!$B$12,$BW$1:$BW$108,-1))),"000")} -> 180 | V5: {=TEXT(IF(AA5=0,"",INDEX(BK2:BK109,_xlfn.XMATCH(EDM自动!$B$12,$BW$1:$BW$108,-1))),"00")} -> 00 | W5: {=TEXT(IF(AA5=0,"",INDEX(BM2:BM109,_xlfn.XMATCH(EDM自动!$B$12,$BW$1:$BW$108,-1))),"0000")} -> 0000 | X5: {=TEXT(IF(AA5=0,"",INDEX(BU2:BU109,_xlfn.XMATCH(EDM自动!$B$12,$BW$1:$BW$108,-1))),"0000")} -> 2202 | Y5: =IF(AA5=0,"",";") -> ; | Z5: {=INDEX(BV2:BV109,_xlfn.XMATCH(EDM自动!$B$12,$BW$1:$BW$108,-1))} -> 0.052 | AA5: {=INDEX(BW2:BW109,_xlfn.XMATCH(EDM自动!$B$12,$BW$1:$BW$108,-1))} -> 0.052 | AB5: {=INDEX(BZ2:BZ109,_xlfn.XMATCH(EDM自动!$B$12,$BW$1:$BW$108,-1))} -> T | AC5: {=INDEX(CA2:CA109,_xlfn.XMATCH(EDM自动!$B$12,$BW$1:$BW$108,-1))} -> 0 | AD5: 把左侧有效参数整理到NC表，再做一个宏按钮一键导出 | BB5: 7 | BC5: 200 | BD5: 40 | BE5: 0 | BF5: 85 | BG5: 50 | BH5: 15 | BI5: 15 | BJ5: 180 | BK5: 03 | BL5: 32 | BM5: 0 | BN5: 0 | BO5: 1 | BP5: 0 | BQ5: + | BR5: 31 | BS5: 15 | BT5: 4 | BU5: 1502 | BV5: 0.18 | BW5: 0.1638 | BX5: 24 | BY5: 0 | BZ5: T | CA5: 0 | CB5: 0 | CC5: 1 | CD5: 90 | CE5: 1 | CF5: 1 | CG5: 0.63 | CH5: 0
A6: {=IF(AA6=0,"",TEXT(INDEX(BB3:BB110,_xlfn.XMATCH(EDM自动!$B$12,$BW$1:$BW$108,-1)),"C000"))} -> C003 | B6: =IF(AA6=0,"","=") -> = | C6: {=TEXT(IF(AA6=0,"",INDEX(BC3:BC110,_xlfn.XMATCH(EDM自动!$B$12,$BW$1:$BW$108,-1))),"0000")} -> 0010 | D6: {=TEXT(IF(AA6=0,"",INDEX(BD3:BD110,_xlfn.XMATCH(EDM自动!$B$12,$BW$1:$BW$108,-1))),"0000")} -> 0009 | E6: {=TEXT(IF(AA6=0,"",INDEX(BE3:BE110,_xlfn.XMATCH(EDM自动!$B$12,$BW$1:$BW$108,-1))),"0000")} -> 0000 | F6: {=TEXT(IF(AA6=0,"",INDEX(BF3:BF110,_xlfn.XMATCH(EDM自动!$B$12,$BW$1:$BW$108,-1))),"0000")} -> 0015 | G6: {=TEXT(IF(AA6=0,"",INDEX(BG3:BG110,_xlfn.XMATCH(EDM自动!$B$12,$BW$1:$BW$108,-1))),"000")} -> 080 | H6: {=TEXT(IF(AA6=0,"",INDEX(BH3:BH110,_xlfn.XMATCH(EDM自动!$B$12,$BW$1:$BW$108,-1))),"000")} -> 015 | I6: {=TEXT(IF(AA6=0,"",INDEX(BI3:BI110,_xlfn.XMATCH(EDM自动!$B$12,$BW$1:$BW$108,-1))),"000")} -> 018 | J6: =TEXT(IF(AA6=0,"",0),"000") -> 000 | K6: =IF(AA6=0,"",IF(A6=0,"",EDM自动!$C$9)) -> LP=1234 | L6: =TEXT(IF(AA6=0,"",0),"0.000") -> 0.000 | M6: {=IF(AA6=0,"",INDEX(BQ3:BQ110,_xlfn.XMATCH(EDM自动!$B$12,$BW$1:$BW$108,-1)))} -> + | N6: {=IF(AA6=0,"",TEXT(LEFT(INDEX(BR3:BR110,_xlfn.XMATCH(EDM自动!$B$12,$BW$1:$BW$108,-1)),1),"00"))} -> 03 | O6: {=TEXT(IF(AA6=0,"",INDEX(BN3:BN110,_xlfn.XMATCH(EDM自动!$B$12,$BW$1:$BW$108,-1))),"000")} -> 040 | P6: {=TEXT(IF(AA6=0,"",INDEX(BO3:BO110,_xlfn.XMATCH(EDM自动!$B$12,$BW$1:$BW$108,-1))),"00")} -> 00 | Q6: {=IF(AA6=0,"",INDEX(BP3:BP110,_xlfn.XMATCH(EDM自动!$B$12,$BW$1:$BW$108,-1)))} -> 0 | R6: {=IF(AA6=0,"",INDEX(BL3:BL110,_xlfn.XMATCH(EDM自动!$B$12,$BW$1:$BW$108,-1)))} -> 73 | S6: {=TEXT(IF(AA6=0,"",INDEX(BT3:BT110,_xlfn.XMATCH(EDM自动!$B$12,$BW$1:$BW$108,-1))),"00")} -> 05 | T6: {=TEXT(IF(AA6=0,"",INDEX(BS3:BS110,_xlfn.XMATCH(EDM自动!$B$12,$BW$1:$BW$108,-1))),"00")} -> 15 | U6: {=TEXT(IF(AA6=0,"",INDEX(BJ3:BJ110,_xlfn.XMATCH(EDM自动!$B$12,$BW$1:$BW$108,-1))),"000")} -> 180 | V6: {=TEXT(IF(AA6=0,"",INDEX(BK3:BK110,_xlfn.XMATCH(EDM自动!$B$12,$BW$1:$BW$108,-1))),"00")} -> 00 | W6: {=TEXT(IF(AA6=0,"",INDEX(BM3:BM110,_xlfn.XMATCH(EDM自动!$B$12,$BW$1:$BW$108,-1))),"0000")} -> 0000 | X6: {=TEXT(IF(AA6=0,"",INDEX(BU3:BU110,_xlfn.XMATCH(EDM自动!$B$12,$BW$1:$BW$108,-1))),"0000")} -> 2202 | Y6: =IF(AA6=0,"",";") -> ; | Z6: {=INDEX(BV3:BV110,_xlfn.XMATCH(EDM自动!$B$12,$BW$1:$BW$108,-1))} -> 0.03 | AA6: {=INDEX(BW3:BW110,_xlfn.XMATCH(EDM自动!$B$12,$BW$1:$BW$108,-1))} -> 0.033 | AB6: {=INDEX(BZ3:BZ110,_xlfn.XMATCH(EDM自动!$B$12,$BW$1:$BW$108,-1))} -> T | AC6: {=INDEX(CA3:CA110,_xlfn.XMATCH(EDM自动!$B$12,$BW$1:$BW$108,-1))} -> 0 | BB6: 6 | BC6: 140 | BD6: 40 | BE6: 0 | BF6: 53 | BG6: 60 | BH6: 15 | BI6: 15 | BJ6: 180 | BK6: 03 | BL6: 53 | BM6: 0 | BN6: 40 | BO6: 0 | BP6: 0 | BQ6: + | BR6: 31 | BS6: 15 | BT6: 4 | BU6: 1202 | BV6: 0.125 | BW6: 0.115 | BX6: 24 | BY6: 0 | BZ6: T | CA6: 0 | CB6: 0 | CC6: 1 | CD6: 90 | CE6: 1 | CF6: 1 | CG6: 0.63 | CH6: 0
A7: {=IF(AA7=0,"",TEXT(INDEX(BB4:BB111,_xlfn.XMATCH(EDM自动!$B$12,$BW$1:$BW$108,-1)),"C000"))} -> C002 | B7: =IF(AA7=0,"","=") -> = | C7: {=TEXT(IF(AA7=0,"",INDEX(BC4:BC111,_xlfn.XMATCH(EDM自动!$B$12,$BW$1:$BW$108,-1))),"0000")} -> 0007 | D7: {=TEXT(IF(AA7=0,"",INDEX(BD4:BD111,_xlfn.XMATCH(EDM自动!$B$12,$BW$1:$BW$108,-1))),"0000")} -> 0009 | E7: {=TEXT(IF(AA7=0,"",INDEX(BE4:BE111,_xlfn.XMATCH(EDM自动!$B$12,$BW$1:$BW$108,-1))),"0000")} -> 0000 | F7: {=TEXT(IF(AA7=0,"",INDEX(BF4:BF111,_xlfn.XMATCH(EDM自动!$B$12,$BW$1:$BW$108,-1))),"0000")} -> 0008 | G7: {=TEXT(IF(AA7=0,"",INDEX(BG4:BG111,_xlfn.XMATCH(EDM自动!$B$12,$BW$1:$BW$108,-1))),"000")} -> 095 | H7: {=TEXT(IF(AA7=0,"",INDEX(BH4:BH111,_xlfn.XMATCH(EDM自动!$B$12,$BW$1:$BW$108,-1))),"000")} -> 015 | I7: {=TEXT(IF(AA7=0,"",INDEX(BI4:BI111,_xlfn.XMATCH(EDM自动!$B$12,$BW$1:$BW$108,-1))),"000")} -> 020 | J7: =TEXT(IF(AA7=0,"",0),"000") -> 000 | K7: =IF(AA7=0,"",IF(A7=0,"",EDM自动!$C$9)) -> LP=1234 | L7: =TEXT(IF(AA7=0,"",0),"0.000") -> 0.000 | M7: {=IF(AA7=0,"",INDEX(BQ4:BQ111,_xlfn.XMATCH(EDM自动!$B$12,$BW$1:$BW$108,-1)))} -> + | N7: {=IF(AA7=0,"",TEXT(LEFT(INDEX(BR4:BR111,_xlfn.XMATCH(EDM自动!$B$12,$BW$1:$BW$108,-1)),1),"00"))} -> 03 | O7: {=TEXT(IF(AA7=0,"",INDEX(BN4:BN111,_xlfn.XMATCH(EDM自动!$B$12,$BW$1:$BW$108,-1))),"000")} -> 000 | P7: {=TEXT(IF(AA7=0,"",INDEX(BO4:BO111,_xlfn.XMATCH(EDM自动!$B$12,$BW$1:$BW$108,-1))),"00")} -> 00 | Q7: {=IF(AA7=0,"",INDEX(BP4:BP111,_xlfn.XMATCH(EDM自动!$B$12,$BW$1:$BW$108,-1)))} -> 0 | R7: {=IF(AA7=0,"",INDEX(BL4:BL111,_xlfn.XMATCH(EDM自动!$B$12,$BW$1:$BW$108,-1)))} -> 73 | S7: {=TEXT(IF(AA7=0,"",INDEX(BT4:BT111,_xlfn.XMATCH(EDM自动!$B$12,$BW$1:$BW$108,-1))),"00")} -> 05 | T7: {=TEXT(IF(AA7=0,"",INDEX(BS4:BS111,_xlfn.XMATCH(EDM自动!$B$12,$BW$1:$BW$108,-1))),"00")} -> 15 | U7: {=TEXT(IF(AA7=0,"",INDEX(BJ4:BJ111,_xlfn.XMATCH(EDM自动!$B$12,$BW$1:$BW$108,-1))),"000")} -> 180 | V7: {=TEXT(IF(AA7=0,"",INDEX(BK4:BK111,_xlfn.XMATCH(EDM自动!$B$12,$BW$1:$BW$108,-1))),"00")} -> 00 | W7: {=TEXT(IF(AA7=0,"",INDEX(BM4:BM111,_xlfn.XMATCH(EDM自动!$B$12,$BW$1:$BW$108,-1))),"0000")} -> 0000 | X7: {=TEXT(IF(AA7=0,"",INDEX(BU4:BU111,_xlfn.XMATCH(EDM自动!$B$12,$BW$1:$BW$108,-1))),"0000")} -> 2202 | Y7: =IF(AA7=0,"",";") -> ; | Z7: {=INDEX(BV4:BV111,_xlfn.XMATCH(EDM自动!$B$12,$BW$1:$BW$108,-1))} -> 0.018 | AA7: {=INDEX(BW4:BW111,_xlfn.XMATCH(EDM自动!$B$12,$BW$1:$BW$108,-1))} -> 0.023 | AB7: {=INDEX(BZ4:BZ111,_xlfn.XMATCH(EDM自动!$B$12,$BW$1:$BW$108,-1))} -> T | AC7: {=INDEX(CA4:CA111,_xlfn.XMATCH(EDM自动!$B$12,$BW$1:$BW$108,-1))} -> 0 | BB7: 5 | BC7: 70 | BD7: 25 | BE7: 0 | BF7: 33 | BG7: 60 | BH7: 15 | BI7: 15 | BJ7: 180 | BK7: 03 | BL7: 73 | BM7: 0 | BN7: 40 | BO7: 0 | BP7: 0 | BQ7: + | BR7: 31 | BS7: 15 | BT7: 4 | BU7: 1202 | BV7: 0.082 | BW7: 0.0763 | BX7: 24 | BY7: 0 | BZ7: T | CA7: 0 | CB7: 4 | CC7: 1 | CD7: 90 | CE7: 1 | CF7: 1 | CG7: 0.63 | CH7: 0
A8: {=IF(AA8=0,"",TEXT(INDEX(BB5:BB112,_xlfn.XMATCH(EDM自动!$B$12,$BW$1:$BW$108,-1)),"C000"))} -> C801 | B8: =IF(AA8=0,"","=") -> = | C8: {=TEXT(IF(AA8=0,"",INDEX(BC5:BC112,_xlfn.XMATCH(EDM自动!$B$12,$BW$1:$BW$108,-1))),"0000")} -> 0001 | D8: {=TEXT(IF(AA8=0,"",INDEX(BD5:BD112,_xlfn.XMATCH(EDM自动!$B$12,$BW$1:$BW$108,-1))),"0000")} -> 0009 | E8: {=TEXT(IF(AA8=0,"",INDEX(BE5:BE112,_xlfn.XMATCH(EDM自动!$B$12,$BW$1:$BW$108,-1))),"0000")} -> 0000 | F8: {=TEXT(IF(AA8=0,"",INDEX(BF5:BF112,_xlfn.XMATCH(EDM自动!$B$12,$BW$1:$BW$108,-1))),"0000")} -> 0015 | G8: {=TEXT(IF(AA8=0,"",INDEX(BG5:BG112,_xlfn.XMATCH(EDM自动!$B$12,$BW$1:$BW$108,-1))),"000")} -> 110 | H8: {=TEXT(IF(AA8=0,"",INDEX(BH5:BH112,_xlfn.XMATCH(EDM自动!$B$12,$BW$1:$BW$108,-1))),"000")} -> 015 | I8: {=TEXT(IF(AA8=0,"",INDEX(BI5:BI112,_xlfn.XMATCH(EDM自动!$B$12,$BW$1:$BW$108,-1))),"000")} -> 020 | J8: =TEXT(IF(AA8=0,"",0),"000") -> 000 | K8: =IF(AA8=0,"",IF(A8=0,"",EDM自动!$C$9)) -> LP=1234 | L8: =TEXT(IF(AA8=0,"",0),"0.000") -> 0.000 | M8: {=IF(AA8=0,"",INDEX(BQ5:BQ112,_xlfn.XMATCH(EDM自动!$B$12,$BW$1:$BW$108,-1)))} -> - | N8: {=IF(AA8=0,"",TEXT(LEFT(INDEX(BR5:BR112,_xlfn.XMATCH(EDM自动!$B$12,$BW$1:$BW$108,-1)),1),"00"))} -> 03 | O8: {=TEXT(IF(AA8=0,"",INDEX(BN5:BN112,_xlfn.XMATCH(EDM自动!$B$12,$BW$1:$BW$108,-1))),"000")} -> 000 | P8: {=TEXT(IF(AA8=0,"",INDEX(BO5:BO112,_xlfn.XMATCH(EDM自动!$B$12,$BW$1:$BW$108,-1))),"00")} -> 10 | Q8: {=IF(AA8=0,"",INDEX(BP5:BP112,_xlfn.XMATCH(EDM自动!$B$12,$BW$1:$BW$108,-1)))} -> 3 | R8: {=IF(AA8=0,"",INDEX(BL5:BL112,_xlfn.XMATCH(EDM自动!$B$12,$BW$1:$BW$108,-1)))} -> 73 | S8: {=TEXT(IF(AA8=0,"",INDEX(BT5:BT112,_xlfn.XMATCH(EDM自动!$B$12,$BW$1:$BW$108,-1))),"00")} -> 05 | T8: {=TEXT(IF(AA8=0,"",INDEX(BS5:BS112,_xlfn.XMATCH(EDM自动!$B$12,$BW$1:$BW$108,-1))),"00")} -> 30 | U8: {=TEXT(IF(AA8=0,"",INDEX(BJ5:BJ112,_xlfn.XMATCH(EDM自动!$B$12,$BW$1:$BW$108,-1))),"000")} -> 180 | V8: {=TEXT(IF(AA8=0,"",INDEX(BK5:BK112,_xlfn.XMATCH(EDM自动!$B$12,$BW$1:$BW$108,-1))),"00")} -> 00 | W8: {=TEXT(IF(AA8=0,"",INDEX(BM5:BM112,_xlfn.XMATCH(EDM自动!$B$12,$BW$1:$BW$108,-1))),"0000")} -> 0000 | X8: {=TEXT(IF(AA8=0,"",INDEX(BU5:BU112,_xlfn.XMATCH(EDM自动!$B$12,$BW$1:$BW$108,-1))),"0000")} -> 3202 | Y8: =IF(AA8=0,"",";") -> ; | Z8: {=INDEX(BV5:BV112,_xlfn.XMATCH(EDM自动!$B$12,$BW$1:$BW$108,-1))} -> -0.007 | AA8: {=INDEX(BW5:BW112,_xlfn.XMATCH(EDM自动!$B$12,$BW$1:$BW$108,-1))} -> 0.026 | AB8: {=INDEX(BZ5:BZ112,_xlfn.XMATCH(EDM自动!$B$12,$BW$1:$BW$108,-1))} -> Z | AC8: {=INDEX(CA5:CA112,_xlfn.XMATCH(EDM自动!$B$12,$BW$1:$BW$108,-1))} -> 10400 | BB8: 4 | BC8: 40 | BD8: 20 | BE8: 0 | BF8: 23 | BG8: 70 | BH8: 15 | BI8: 18 | BJ8: 180 | BK8: 00 | BL8: 73 | BM8: 0 | BN8: 40 | BO8: 0 | BP8: 0 | BQ8: + | BR8: 31 | BS8: 15 | BT8: 4 | BU8: 2202 | BV8: 0.052 | BW8: 0.052 | BX8: 24 | BY8: 0 | BZ8: T | CA8: 0 | CB8: 2.8 | CC8: 1 | CD8: 90 | CE8: 1 | CF8: 1 | CG8: 0.63 | CH8: 0
A9: {=IF(AA9=0,"",TEXT(INDEX(BB6:BB113,_xlfn.XMATCH(EDM自动!$B$12,$BW$1:$BW$108,-1)),"C000"))} -> C801 | B9: =IF(AA9=0,"","=") -> = | C9: {=TEXT(IF(AA9=0,"",INDEX(BC6:BC113,_xlfn.XMATCH(EDM自动!$B$12,$BW$1:$BW$108,-1))),"0000")} -> 0001 | D9: {=TEXT(IF(AA9=0,"",INDEX(BD6:BD113,_xlfn.XMATCH(EDM自动!$B$12,$BW$1:$BW$108,-1))),"0000")} -> 0009 | E9: {=TEXT(IF(AA9=0,"",INDEX(BE6:BE113,_xlfn.XMATCH(EDM自动!$B$12,$BW$1:$BW$108,-1))),"0000")} -> 0000 | F9: {=TEXT(IF(AA9=0,"",INDEX(BF6:BF113,_xlfn.XMATCH(EDM自动!$B$12,$BW$1:$BW$108,-1))),"0000")} -> 0015 | G9: {=TEXT(IF(AA9=0,"",INDEX(BG6:BG113,_xlfn.XMATCH(EDM自动!$B$12,$BW$1:$BW$108,-1))),"000")} -> 110 | H9: {=TEXT(IF(AA9=0,"",INDEX(BH6:BH113,_xlfn.XMATCH(EDM自动!$B$12,$BW$1:$BW$108,-1))),"000")} -> 015 | I9: {=TEXT(IF(AA9=0,"",INDEX(BI6:BI113,_xlfn.XMATCH(EDM自动!$B$12,$BW$1:$BW$108,-1))),"000")} -> 020 | J9: =TEXT(IF(AA9=0,"",0),"000") -> 000 | K9: =IF(AA9=0,"",IF(A9=0,"",EDM自动!$C$9)) -> LP=1234 | L9: =TEXT(IF(AA9=0,"",0),"0.000") -> 0.000 | M9: {=IF(AA9=0,"",INDEX(BQ6:BQ113,_xlfn.XMATCH(EDM自动!$B$12,$BW$1:$BW$108,-1)))} -> - | N9: {=IF(AA9=0,"",TEXT(LEFT(INDEX(BR6:BR113,_xlfn.XMATCH(EDM自动!$B$12,$BW$1:$BW$108,-1)),1),"00"))} -> 03 | O9: {=TEXT(IF(AA9=0,"",INDEX(BN6:BN113,_xlfn.XMATCH(EDM自动!$B$12,$BW$1:$BW$108,-1))),"000")} -> 000 | P9: {=TEXT(IF(AA9=0,"",INDEX(BO6:BO113,_xlfn.XMATCH(EDM自动!$B$12,$BW$1:$BW$108,-1))),"00")} -> 10 | Q9: {=IF(AA9=0,"",INDEX(BP6:BP113,_xlfn.XMATCH(EDM自动!$B$12,$BW$1:$BW$108,-1)))} -> 3 | R9: {=IF(AA9=0,"",INDEX(BL6:BL113,_xlfn.XMATCH(EDM自动!$B$12,$BW$1:$BW$108,-1)))} -> 73 | S9: {=TEXT(IF(AA9=0,"",INDEX(BT6:BT113,_xlfn.XMATCH(EDM自动!$B$12,$BW$1:$BW$108,-1))),"00")} -> 05 | T9: {=TEXT(IF(AA9=0,"",INDEX(BS6:BS113,_xlfn.XMATCH(EDM自动!$B$12,$BW$1:$BW$108,-1))),"00")} -> 30 | U9: {=TEXT(IF(AA9=0,"",INDEX(BJ6:BJ113,_xlfn.XMATCH(EDM自动!$B$12,$BW$1:$BW$108,-1))),"000")} -> 180 | V9: {=TEXT(IF(AA9=0,"",INDEX(BK6:BK113,_xlfn.XMATCH(EDM自动!$B$12,$BW$1:$BW$108,-1))),"00")} -> 00 | W9: {=TEXT(IF(AA9=0,"",INDEX(BM6:BM113,_xlfn.XMATCH(EDM自动!$B$12,$BW$1:$BW$108,-1))),"0000")} -> 0000 | X9: {=TEXT(IF(AA9=0,"",INDEX(BU6:BU113,_xlfn.XMATCH(EDM自动!$B$12,$BW$1:$BW$108,-1))),"0000")} -> 3202 | Y9: =IF(AA9=0,"",";") -> ; | Z9: {=INDEX(BV6:BV113,_xlfn.XMATCH(EDM自动!$B$12,$BW$1:$BW$108,-1))} -> 0.013 | AA9: {=INDEX(BW6:BW113,_xlfn.XMATCH(EDM自动!$B$12,$BW$1:$BW$108,-1))} -> 0.011 | AB9: {=INDEX(BZ6:BZ113,_xlfn.XMATCH(EDM自动!$B$12,$BW$1:$BW$108,-1))} -> Z | AC9: {=INDEX(CA6:CA113,_xlfn.XMATCH(EDM自动!$B$12,$BW$1:$BW$108,-1))} -> 312 | BB9: 3 | BC9: 10 | BD9: 9 | BE9: 0 | BF9: 15 | BG9: 80 | BH9: 15 | BI9: 18 | BJ9: 180 | BK9: 00 | BL9: 73 | BM9: 0 | BN9: 40 | BO9: 0 | BP9: 0 | BQ9: + | BR9: 31 | BS9: 15 | BT9: 5 | BU9: 2202 | BV9: 0.03 | BW9: 0.033 | BX9: 24 | BY9: 0 | BZ9: T | CA9: 0 | CB9: 2 | CC9: 1 | CD9: 90 | CE9: 1 | CF9: 1 | CG9: 0.63 | CH9: 0
A10: {=IF(AA10=0,"",TEXT(INDEX(BB7:BB114,_xlfn.XMATCH(EDM自动!$B$12,$BW$1:$BW$108,-1)),"C000"))} | B10: =IF(AA10=0,"","=") | C10: {=TEXT(IF(AA10=0,"",INDEX(BC7:BC114,_xlfn.XMATCH(EDM自动!$B$12,$BW$1:$BW$108,-1))),"0000")} | D10: {=TEXT(IF(AA10=0,"",INDEX(BD7:BD114,_xlfn.XMATCH(EDM自动!$B$12,$BW$1:$BW$108,-1))),"0000")} | E10: {=TEXT(IF(AA10=0,"",INDEX(BE7:BE114,_xlfn.XMATCH(EDM自动!$B$12,$BW$1:$BW$108,-1))),"0000")} | F10: {=TEXT(IF(AA10=0,"",INDEX(BF7:BF114,_xlfn.XMATCH(EDM自动!$B$12,$BW$1:$BW$108,-1))),"0000")} | G10: {=TEXT(IF(AA10=0,"",INDEX(BG7:BG114,_xlfn.XMATCH(EDM自动!$B$12,$BW$1:$BW$108,-1))),"000")} | H10: {=TEXT(IF(AA10=0,"",INDEX(BH7:BH114,_xlfn.XMATCH(EDM自动!$B$12,$BW$1:$BW$108,-1))),"000")} | I10: {=TEXT(IF(AA10=0,"",INDEX(BI7:BI114,_xlfn.XMATCH(EDM自动!$B$12,$BW$1:$BW$108,-1))),"000")} | J10: =TEXT(IF(AA10=0,"",0),"000") | K10: =IF(AA10=0,"",IF(A10=0,"",EDM自动!$C$9)) | L10: =TEXT(IF(AA10=0,"",0),"0.000") | M10: {=IF(AA10=0,"",INDEX(BQ7:BQ114,_xlfn.XMATCH(EDM自动!$B$12,$BW$1:$BW$108,-1)))} | N10: {=IF(AA10=0,"",TEXT(LEFT(INDEX(BR7:BR114,_xlfn.XMATCH(EDM自动!$B$12,$BW$1:$BW$108,-1)),1),"00"))} | O10: {=TEXT(IF(AA10=0,"",INDEX(BN7:BN114,_xlfn.XMATCH(EDM自动!$B$12,$BW$1:$BW$108,-1))),"000")} | P10: {=TEXT(IF(AA10=0,"",INDEX(BO7:BO114,_xlfn.XMATCH(EDM自动!$B$12,$BW$1:$BW$108,-1))),"00")} | Q10: {=IF(AA10=0,"",INDEX(BP7:BP114,_xlfn.XMATCH(EDM自动!$B$12,$BW$1:$BW$108,-1)))} | R10: {=IF(AA10=0,"",INDEX(BL7:BL114,_xlfn.XMATCH(EDM自动!$B$12,$BW$1:$BW$108,-1)))} | S10: {=TEXT(IF(AA10=0,"",INDEX(BT7:BT114,_xlfn.XMATCH(EDM自动!$B$12,$BW$1:$BW$108,-1))),"00")} | T10: {=TEXT(IF(AA10=0,"",INDEX(BS7:BS114,_xlfn.XMATCH(EDM自动!$B$12,$BW$1:$BW$108,-1))),"00")} | U10: {=TEXT(IF(AA10=0,"",INDEX(BJ7:BJ114,_xlfn.XMATCH(EDM自动!$B$12,$BW$1:$BW$108,-1))),"000")} | V10: {=TEXT(IF(AA10=0,"",INDEX(BK7:BK114,_xlfn.XMATCH(EDM自动!$B$12,$BW$1:$BW$108,-1))),"00")} | W10: {=TEXT(IF(AA10=0,"",INDEX(BM7:BM114,_xlfn.XMATCH(EDM自动!$B$12,$BW$1:$BW$108,-1))),"0000")} | X10: {=TEXT(IF(AA10=0,"",INDEX(BU7:BU114,_xlfn.XMATCH(EDM自动!$B$12,$BW$1:$BW$108,-1))),"0000")} | Y10: =IF(AA10=0,"",";") | Z10: {=INDEX(BV7:BV114,_xlfn.XMATCH(EDM自动!$B$12,$BW$1:$BW$108,-1))} -> 0 | AA10: {=INDEX(BW7:BW114,_xlfn.XMATCH(EDM自动!$B$12,$BW$1:$BW$108,-1))} -> 0 | AB10: {=INDEX(BZ7:BZ114,_xlfn.XMATCH(EDM自动!$B$12,$BW$1:$BW$108,-1))} -> 0 | AC10: {=INDEX(CA7:CA114,_xlfn.XMATCH(EDM自动!$B$12,$BW$1:$BW$108,-1))} -> 0 | BB10: 2 | BC10: 7 | BD10: 9 | BE10: 0 | BF10: 8 | BG10: 95 | BH10: 15 | BI10: 20 | BJ10: 180 | BK10: 00 | BL10: 73 | BM10: 0 | BN10: 0 | BO10: 0 | BP10: 0 | BQ10: + | BR10: 31 | BS10: 15 | BT10: 5 | BU10: 2202 | BV10: 0.018 | BW10: 0.023 | BX10: 24 | BY10: 0 | BZ10: T | CA10: 0 | CB10: 1.12 | CC10: 1 | CD10: 90 | CE10: 1 | CF10: 1 | CG10: 0.63 | CH10: 0
A11: {=IF(AA11=0,"",TEXT(INDEX(BB8:BB115,_xlfn.XMATCH(EDM自动!$B$12,$BW$1:$BW$108,-1)),"C000"))} | B11: =IF(AA11=0,"","=") | C11: {=TEXT(IF(AA11=0,"",INDEX(BC8:BC115,_xlfn.XMATCH(EDM自动!$B$12,$BW$1:$BW$108,-1))),"0000")} | D11: {=TEXT(IF(AA11=0,"",INDEX(BD8:BD115,_xlfn.XMATCH(EDM自动!$B$12,$BW$1:$BW$108,-1))),"0000")} | E11: {=TEXT(IF(AA11=0,"",INDEX(BE8:BE115,_xlfn.XMATCH(EDM自动!$B$12,$BW$1:$BW$108,-1))),"0000")} | F11: {=TEXT(IF(AA11=0,"",INDEX(BF8:BF115,_xlfn.XMATCH(EDM自动!$B$12,$BW$1:$BW$108,-1))),"0000")} | G11: {=TEXT(IF(AA11=0,"",INDEX(BG8:BG115,_xlfn.XMATCH(EDM自动!$B$12,$BW$1:$BW$108,-1))),"000")} | H11: {=TEXT(IF(AA11=0,"",INDEX(BH8:BH115,_xlfn.XMATCH(EDM自动!$B$12,$BW$1:$BW$108,-1))),"000")} | I11: {=TEXT(IF(AA11=0,"",INDEX(BI8:BI115,_xlfn.XMATCH(EDM自动!$B$12,$BW$1:$BW$108,-1))),"000")} | J11: =TEXT(IF(AA11=0,"",0),"000") | K11: =IF(AA11=0,"",IF(A11=0,"",EDM自动!$C$9)) | L11: =TEXT(IF(AA11=0,"",0),"0.000") | M11: {=IF(AA11=0,"",INDEX(BQ8:BQ115,_xlfn.XMATCH(EDM自动!$B$12,$BW$1:$BW$108,-1)))} | N11: {=IF(AA11=0,"",TEXT(LEFT(INDEX(BR8:BR115,_xlfn.XMATCH(EDM自动!$B$12,$BW$1:$BW$108,-1)),1),"00"))} | O11: {=TEXT(IF(AA11=0,"",INDEX(BN8:BN115,_xlfn.XMATCH(EDM自动!$B$12,$BW$1:$BW$108,-1))),"000")} | P11: {=TEXT(IF(AA11=0,"",INDEX(BO8:BO115,_xlfn.XMATCH(EDM自动!$B$12,$BW$1:$BW$108,-1))),"00")} | Q11: {=IF(AA11=0,"",INDEX(BP8:BP115,_xlfn.XMATCH(EDM自动!$B$12,$BW$1:$BW$108,-1)))} | R11: {=IF(AA11=0,"",INDEX(BL8:BL115,_xlfn.XMATCH(EDM自动!$B$12,$BW$1:$BW$108,-1)))} | S11: {=TEXT(IF(AA11=0,"",INDEX(BT8:BT115,_xlfn.XMATCH(EDM自动!$B$12,$BW$1:$BW$108,-1))),"00")} | T11: {=TEXT(IF(AA11=0,"",INDEX(BS8:BS115,_xlfn.XMATCH(EDM自动!$B$12,$BW$1:$BW$108,-1))),"00")} | U11: {=TEXT(IF(AA11=0,"",INDEX(BJ8:BJ115,_xlfn.XMATCH(EDM自动!$B$12,$BW$1:$BW$108,-1))),"000")} | V11: {=TEXT(IF(AA11=0,"",INDEX(BK8:BK115,_xlfn.XMATCH(EDM自动!$B$12,$BW$1:$BW$108,-1))),"00")} | W11: {=TEXT(IF(AA11=0,"",INDEX(BM8:BM115,_xlfn.XMATCH(EDM自动!$B$12,$BW$1:$BW$108,-1))),"0000")} | X11: {=TEXT(IF(AA11=0,"",INDEX(BU8:BU115,_xlfn.XMATCH(EDM自动!$B$12,$BW$1:$BW$108,-1))),"0000")} | Y11: =IF(AA11=0,"",";") | Z11: {=INDEX(BV8:BV115,_xlfn.XMATCH(EDM自动!$B$12,$BW$1:$BW$108,-1))} -> 0 | AA11: {=INDEX(BW8:BW115,_xlfn.XMATCH(EDM自动!$B$12,$BW$1:$BW$108,-1))} -> 0 | AB11: {=INDEX(BZ8:BZ115,_xlfn.XMATCH(EDM自动!$B$12,$BW$1:$BW$108,-1))} -> 0 | AC11: {=INDEX(CA8:CA115,_xlfn.XMATCH(EDM自动!$B$12,$BW$1:$BW$108,-1))} -> 0 | BB11: 801 | BC11: 1 | BD11: 9 | BE11: 0 | BF11: 15 | BG11: 110 | BH11: 15 | BI11: 20 | BJ11: 180 | BK11: 00 | BL11: 73 | BM11: 0 | BN11: 0 | BO11: 10 | BP11: 3 | BQ11: - | BR11: 32 | BS11: 30 | BT11: 5 | BU11: 3202 | BV11: -0.007 | BW11: 0.026 | BX11: 24 | BY11: 0.6 | BZ11: Z | CA11: 10400 | CB11: 0.63 | CC11: 1 | CD11: 90 | CE11: 1 | CF11: 1 | CG11: 0.63 | CH11: 0
A12: {=IF(AA12=0,"",TEXT(INDEX(BB9:BB116,_xlfn.XMATCH(EDM自动!$B$12,$BW$1:$BW$108,-1)),"C000"))} | B12: =IF(AA12=0,"","=") | C12: {=TEXT(IF(AA12=0,"",INDEX(BC9:BC116,_xlfn.XMATCH(EDM自动!$B$12,$BW$1:$BW$108,-1))),"0000")} | D12: {=TEXT(IF(AA12=0,"",INDEX(BD9:BD116,_xlfn.XMATCH(EDM自动!$B$12,$BW$1:$BW$108,-1))),"0000")} | E12: {=TEXT(IF(AA12=0,"",INDEX(BE9:BE116,_xlfn.XMATCH(EDM自动!$B$12,$BW$1:$BW$108,-1))),"0000")} | F12: {=TEXT(IF(AA12=0,"",INDEX(BF9:BF116,_xlfn.XMATCH(EDM自动!$B$12,$BW$1:$BW$108,-1))),"0000")} | G12: {=TEXT(IF(AA12=0,"",INDEX(BG9:BG116,_xlfn.XMATCH(EDM自动!$B$12,$BW$1:$BW$108,-1))),"000")} | H12: {=TEXT(IF(AA12=0,"",INDEX(BH9:BH116,_xlfn.XMATCH(EDM自动!$B$12,$BW$1:$BW$108,-1))),"000")} | I12: {=TEXT(IF(AA12=0,"",INDEX(BI9:BI116,_xlfn.XMATCH(EDM自动!$B$12,$BW$1:$BW$108,-1))),"000")} | J12: =TEXT(IF(AA12=0,"",0),"000") | K12: =IF(AA12=0,"",IF(A12=0,"",EDM自动!$C$9)) | L12: =TEXT(IF(AA12=0,"",0),"0.000") | M12: {=IF(AA12=0,"",INDEX(BQ9:BQ116,_xlfn.XMATCH(EDM自动!$B$12,$BW$1:$BW$108,-1)))} | N12: {=IF(AA12=0,"",TEXT(LEFT(INDEX(BR9:BR116,_xlfn.XMATCH(EDM自动!$B$12,$BW$1:$BW$108,-1)),1),"00"))} | O12: {=TEXT(IF(AA12=0,"",INDEX(BN9:BN116,_xlfn.XMATCH(EDM自动!$B$12,$BW$1:$BW$108,-1))),"000")} | P12: {=TEXT(IF(AA12=0,"",INDEX(BO9:BO116,_xlfn.XMATCH(EDM自动!$B$12,$BW$1:$BW$108,-1))),"00")} | Q12: {=IF(AA12=0,"",INDEX(BP9:BP116,_xlfn.XMATCH(EDM自动!$B$12,$BW$1:$BW$108,-1)))} | R12: {=IF(AA12=0,"",INDEX(BL9:BL116,_xlfn.XMATCH(EDM自动!$B$12,$BW$1:$BW$108,-1)))} | S12: {=TEXT(IF(AA12=0,"",INDEX(BT9:BT116,_xlfn.XMATCH(EDM自动!$B$12,$BW$1:$BW$108,-1))),"00")} | T12: {=TEXT(IF(AA12=0,"",INDEX(BS9:BS116,_xlfn.XMATCH(EDM自动!$B$12,$BW$1:$BW$108,-1))),"00")} | U12: {=TEXT(IF(AA12=0,"",INDEX(BJ9:BJ116,_xlfn.XMATCH(EDM自动!$B$12,$BW$1:$BW$108,-1))),"000")} | V12: {=TEXT(IF(AA12=0,"",INDEX(BK9:BK116,_xlfn.XMATCH(EDM自动!$B$12,$BW$1:$BW$108,-1))),"00")} | W12: {=TEXT(IF(AA12=0,"",INDEX(BM9:BM116,_xlfn.XMATCH(EDM自动!$B$12,$BW$1:$BW$108,-1))),"0000")} | X12: {=TEXT(IF(AA12=0,"",INDEX(BU9:BU116,_xlfn.XMATCH(EDM自动!$B$12,$BW$1:$BW$108,-1))),"0000")} | Y12: =IF(AA12=0,"",";") | Z12: {=INDEX(BV9:BV116,_xlfn.XMATCH(EDM自动!$B$12,$BW$1:$BW$108,-1))} -> 0 | AA12: {=INDEX(BW9:BW116,_xlfn.XMATCH(EDM自动!$B$12,$BW$1:$BW$108,-1))} -> 0 | AB12: {=INDEX(BZ9:BZ116,_xlfn.XMATCH(EDM自动!$B$12,$BW$1:$BW$108,-1))} -> 0 | AC12: {=INDEX(CA9:CA116,_xlfn.XMATCH(EDM自动!$B$12,$BW$1:$BW$108,-1))} -> 0 | BB12: 801 | BC12: 1 | BD12: 9 | BE12: 0 | BF12: 15 | BG12: 110 | BH12: 15 | BI12: 20 | BJ12: 180 | BK12: 00 | BL12: 73 | BM12: 0 | BN12: 0 | BO12: 10 | BP12: 3 | BQ12: - | BR12: 32 | BS12: 30 | BT12: 5 | BU12: 3202 | BV12: 0.013 | BW12: 0.011 | BX12: 24 | BY12: 0.6 | BZ12: Z | CA12: 312 | CB12: 0.63 | CC12: 1 | CD12: 90 | CE12: 1 | CF12: 1 | CG12: 0.63 | CH12: 0
A13: {=IF(AA13=0,"",TEXT(INDEX(BB10:BB117,_xlfn.XMATCH(EDM自动!$B$12,$BW$1:$BW$108,-1)),"C000"))} | B13: =IF(AA13=0,"","=") | C13: {=TEXT(IF(AA13=0,"",INDEX(BC10:BC117,_xlfn.XMATCH(EDM自动!$B$12,$BW$1:$BW$108,-1))),"0000")} | D13: {=TEXT(IF(AA13=0,"",INDEX(BD10:BD117,_xlfn.XMATCH(EDM自动!$B$12,$BW$1:$BW$108,-1))),"0000")} | E13: {=TEXT(IF(AA13=0,"",INDEX(BE10:BE117,_xlfn.XMATCH(EDM自动!$B$12,$BW$1:$BW$108,-1))),"0000")} | F13: {=TEXT(IF(AA13=0,"",INDEX(BF10:BF117,_xlfn.XMATCH(EDM自动!$B$12,$BW$1:$BW$108,-1))),"0000")} | G13: {=TEXT(IF(AA13=0,"",INDEX(BG10:BG117,_xlfn.XMATCH(EDM自动!$B$12,$BW$1:$BW$108,-1))),"000")} | H13: {=TEXT(IF(AA13=0,"",INDEX(BH10:BH117,_xlfn.XMATCH(EDM自动!$B$12,$BW$1:$BW$108,-1))),"000")} | I13: {=TEXT(IF(AA13=0,"",INDEX(BI10:BI117,_xlfn.XMATCH(EDM自动!$B$12,$BW$1:$BW$108,-1))),"000")} | J13: =TEXT(IF(AA13=0,"",0),"000") | K13: =IF(AA13=0,"",IF(A13=0,"",EDM自动!$C$9)) | L13: =TEXT(IF(AA13=0,"",0),"0.000") | M13: {=IF(AA13=0,"",INDEX(BQ10:BQ117,_xlfn.XMATCH(EDM自动!$B$12,$BW$1:$BW$108,-1)))} | N13: {=IF(AA13=0,"",TEXT(LEFT(INDEX(BR10:BR117,_xlfn.XMATCH(EDM自动!$B$12,$BW$1:$BW$108,-1)),1),"00"))} | O13: {=TEXT(IF(AA13=0,"",INDEX(BN10:BN117,_xlfn.XMATCH(EDM自动!$B$12,$BW$1:$BW$108,-1))),"000")} | P13: {=TEXT(IF(AA13=0,"",INDEX(BO10:BO117,_xlfn.XMATCH(EDM自动!$B$12,$BW$1:$BW$108,-1))),"00")} | Q13: {=IF(AA13=0,"",INDEX(BP10:BP117,_xlfn.XMATCH(EDM自动!$B$12,$BW$1:$BW$108,-1)))} | R13: {=IF(AA13=0,"",INDEX(BL10:BL117,_xlfn.XMATCH(EDM自动!$B$12,$BW$1:$BW$108,-1)))} | S13: {=TEXT(IF(AA13=0,"",INDEX(BT10:BT117,_xlfn.XMATCH(EDM自动!$B$12,$BW$1:$BW$108,-1))),"00")} | T13: {=TEXT(IF(AA13=0,"",INDEX(BS10:BS117,_xlfn.XMATCH(EDM自动!$B$12,$BW$1:$BW$108,-1))),"00")} | U13: {=TEXT(IF(AA13=0,"",INDEX(BJ10:BJ117,_xlfn.XMATCH(EDM自动!$B$12,$BW$1:$BW$108,-1))),"000")} | V13: {=TEXT(IF(AA13=0,"",INDEX(BK10:BK117,_xlfn.XMATCH(EDM自动!$B$12,$BW$1:$BW$108,-1))),"00")} | W13: {=TEXT(IF(AA13=0,"",INDEX(BM10:BM117,_xlfn.XMATCH(EDM自动!$B$12,$BW$1:$BW$108,-1))),"0000")} | X13: {=TEXT(IF(AA13=0,"",INDEX(BU10:BU117,_xlfn.XMATCH(EDM自动!$B$12,$BW$1:$BW$108,-1))),"0000")} | Y13: =IF(AA13=0,"",";") | Z13: {=INDEX(BV10:BV117,_xlfn.XMATCH(EDM自动!$B$12,$BW$1:$BW$108,-1))} -> 0 | AA13: {=INDEX(BW10:BW117,_xlfn.XMATCH(EDM自动!$B$12,$BW$1:$BW$108,-1))} -> 0 | AB13: {=INDEX(BZ10:BZ117,_xlfn.XMATCH(EDM自动!$B$12,$BW$1:$BW$108,-1))} -> 0 | AC13: {=INDEX(CA10:CA117,_xlfn.XMATCH(EDM自动!$B$12,$BW$1:$BW$108,-1))} -> 0
A14: {=IF(AA14=0,"",TEXT(INDEX(BB11:BB118,_xlfn.XMATCH(EDM自动!$B$12,$BW$1:$BW$108,-1)),"C000"))} | B14: =IF(AA14=0,"","=") | C14: {=TEXT(IF(AA14=0,"",INDEX(BC11:BC118,_xlfn.XMATCH(EDM自动!$B$12,$BW$1:$BW$108,-1))),"0000")} | D14: {=TEXT(IF(AA14=0,"",INDEX(BD11:BD118,_xlfn.XMATCH(EDM自动!$B$12,$BW$1:$BW$108,-1))),"0000")} | E14: {=TEXT(IF(AA14=0,"",INDEX(BE11:BE118,_xlfn.XMATCH(EDM自动!$B$12,$BW$1:$BW$108,-1))),"0000")} | F14: {=TEXT(IF(AA14=0,"",INDEX(BF11:BF118,_xlfn.XMATCH(EDM自动!$B$12,$BW$1:$BW$108,-1))),"0000")} | G14: {=TEXT(IF(AA14=0,"",INDEX(BG11:BG118,_xlfn.XMATCH(EDM自动!$B$12,$BW$1:$BW$108,-1))),"000")} | H14: {=TEXT(IF(AA14=0,"",INDEX(BH11:BH118,_xlfn.XMATCH(EDM自动!$B$12,$BW$1:$BW$108,-1))),"000")} | I14: {=TEXT(IF(AA14=0,"",INDEX(BI11:BI118,_xlfn.XMATCH(EDM自动!$B$12,$BW$1:$BW$108,-1))),"000")} | J14: =TEXT(IF(AA14=0,"",0),"000") | K14: =IF(AA14=0,"",IF(A14=0,"",EDM自动!$C$9)) | L14: =TEXT(IF(AA14=0,"",0),"0.000") | M14: {=IF(AA14=0,"",INDEX(BQ11:BQ118,_xlfn.XMATCH(EDM自动!$B$12,$BW$1:$BW$108,-1)))} | N14: {=IF(AA14=0,"",TEXT(LEFT(INDEX(BR11:BR118,_xlfn.XMATCH(EDM自动!$B$12,$BW$1:$BW$108,-1)),1),"00"))} | O14: {=TEXT(IF(AA14=0,"",INDEX(BN11:BN118,_xlfn.XMATCH(EDM自动!$B$12,$BW$1:$BW$108,-1))),"000")} | P14: {=TEXT(IF(AA14=0,"",INDEX(BO11:BO118,_xlfn.XMATCH(EDM自动!$B$12,$BW$1:$BW$108,-1))),"00")} | Q14: {=IF(AA14=0,"",INDEX(BP11:BP118,_xlfn.XMATCH(EDM自动!$B$12,$BW$1:$BW$108,-1)))} | R14: {=IF(AA14=0,"",INDEX(BL11:BL118,_xlfn.XMATCH(EDM自动!$B$12,$BW$1:$BW$108,-1)))} | S14: {=TEXT(IF(AA14=0,"",INDEX(BT11:BT118,_xlfn.XMATCH(EDM自动!$B$12,$BW$1:$BW$108,-1))),"00")} | T14: {=TEXT(IF(AA14=0,"",INDEX(BS11:BS118,_xlfn.XMATCH(EDM自动!$B$12,$BW$1:$BW$108,-1))),"00")} | U14: {=TEXT(IF(AA14=0,"",INDEX(BJ11:BJ118,_xlfn.XMATCH(EDM自动!$B$12,$BW$1:$BW$108,-1))),"000")} | V14: {=TEXT(IF(AA14=0,"",INDEX(BK11:BK118,_xlfn.XMATCH(EDM自动!$B$12,$BW$1:$BW$108,-1))),"00")} | W14: {=TEXT(IF(AA14=0,"",INDEX(BM11:BM118,_xlfn.XMATCH(EDM自动!$B$12,$BW$1:$BW$108,-1))),"0000")} | X14: {=TEXT(IF(AA14=0,"",INDEX(BU11:BU118,_xlfn.XMATCH(EDM自动!$B$12,$BW$1:$BW$108,-1))),"0000")} | Y14: =IF(AA14=0,"",";") | Z14: {=INDEX(BV11:BV118,_xlfn.XMATCH(EDM自动!$B$12,$BW$1:$BW$108,-1))} -> 0 | AA14: {=INDEX(BW11:BW118,_xlfn.XMATCH(EDM自动!$B$12,$BW$1:$BW$108,-1))} -> 0 | AB14: {=INDEX(BZ11:BZ118,_xlfn.XMATCH(EDM自动!$B$12,$BW$1:$BW$108,-1))} -> 0 | AC14: {=INDEX(CA11:CA118,_xlfn.XMATCH(EDM自动!$B$12,$BW$1:$BW$108,-1))} -> 0
A15: {=IF(AA15=0,"",TEXT(INDEX(BB12:BB119,_xlfn.XMATCH(EDM自动!$B$12,$BW$1:$BW$108,-1)),"C000"))} | B15: =IF(AA15=0,"","=") | C15: {=TEXT(IF(AA15=0,"",INDEX(BC12:BC119,_xlfn.XMATCH(EDM自动!$B$12,$BW$1:$BW$108,-1))),"0000")} | D15: {=TEXT(IF(AA15=0,"",INDEX(BD12:BD119,_xlfn.XMATCH(EDM自动!$B$12,$BW$1:$BW$108,-1))),"0000")} | E15: {=TEXT(IF(AA15=0,"",INDEX(BE12:BE119,_xlfn.XMATCH(EDM自动!$B$12,$BW$1:$BW$108,-1))),"0000")} | F15: {=TEXT(IF(AA15=0,"",INDEX(BF12:BF119,_xlfn.XMATCH(EDM自动!$B$12,$BW$1:$BW$108,-1))),"0000")} | G15: {=TEXT(IF(AA15=0,"",INDEX(BG12:BG119,_xlfn.XMATCH(EDM自动!$B$12,$BW$1:$BW$108,-1))),"000")} | H15: {=TEXT(IF(AA15=0,"",INDEX(BH12:BH119,_xlfn.XMATCH(EDM自动!$B$12,$BW$1:$BW$108,-1))),"000")} | I15: {=TEXT(IF(AA15=0,"",INDEX(BI12:BI119,_xlfn.XMATCH(EDM自动!$B$12,$BW$1:$BW$108,-1))),"000")} | J15: =TEXT(IF(AA15=0,"",0),"000") | K15: =IF(AA15=0,"",IF(A15=0,"",EDM自动!$C$9)) | L15: =TEXT(IF(AA15=0,"",0),"0.000") | M15: {=IF(AA15=0,"",INDEX(BQ12:BQ119,_xlfn.XMATCH(EDM自动!$B$12,$BW$1:$BW$108,-1)))} | N15: {=IF(AA15=0,"",TEXT(LEFT(INDEX(BR12:BR119,_xlfn.XMATCH(EDM自动!$B$12,$BW$1:$BW$108,-1)),1),"00"))} | O15: {=TEXT(IF(AA15=0,"",INDEX(BN12:BN119,_xlfn.XMATCH(EDM自动!$B$12,$BW$1:$BW$108,-1))),"000")} | P15: {=TEXT(IF(AA15=0,"",INDEX(BO12:BO119,_xlfn.XMATCH(EDM自动!$B$12,$BW$1:$BW$108,-1))),"00")} | Q15: {=IF(AA15=0,"",INDEX(BP12:BP119,_xlfn.XMATCH(EDM自动!$B$12,$BW$1:$BW$108,-1)))} | R15: {=IF(AA15=0,"",INDEX(BL12:BL119,_xlfn.XMATCH(EDM自动!$B$12,$BW$1:$BW$108,-1)))} | S15: {=TEXT(IF(AA15=0,"",INDEX(BT12:BT119,_xlfn.XMATCH(EDM自动!$B$12,$BW$1:$BW$108,-1))),"00")} | T15: {=TEXT(IF(AA15=0,"",INDEX(BS12:BS119,_xlfn.XMATCH(EDM自动!$B$12,$BW$1:$BW$108,-1))),"00")} | U15: {=TEXT(IF(AA15=0,"",INDEX(BJ12:BJ119,_xlfn.XMATCH(EDM自动!$B$12,$BW$1:$BW$108,-1))),"000")} | V15: {=TEXT(IF(AA15=0,"",INDEX(BK12:BK119,_xlfn.XMATCH(EDM自动!$B$12,$BW$1:$BW$108,-1))),"00")} | W15: {=TEXT(IF(AA15=0,"",INDEX(BM12:BM119,_xlfn.XMATCH(EDM自动!$B$12,$BW$1:$BW$108,-1))),"0000")} | X15: {=TEXT(IF(AA15=0,"",INDEX(BU12:BU119,_xlfn.XMATCH(EDM自动!$B$12,$BW$1:$BW$108,-1))),"0000")} | Y15: =IF(AA15=0,"",";") | Z15: {=INDEX(BV12:BV119,_xlfn.XMATCH(EDM自动!$B$12,$BW$1:$BW$108,-1))} -> 0 | AA15: {=INDEX(BW12:BW119,_xlfn.XMATCH(EDM自动!$B$12,$BW$1:$BW$108,-1))} -> 0 | AB15: {=INDEX(BZ12:BZ119,_xlfn.XMATCH(EDM自动!$B$12,$BW$1:$BW$108,-1))} -> 0 | AC15: {=INDEX(CA12:CA119,_xlfn.XMATCH(EDM自动!$B$12,$BW$1:$BW$108,-1))} -> 0
A16: {=IF(AA16=0,"",TEXT(INDEX(BB13:BB120,_xlfn.XMATCH(EDM自动!$B$12,$BW$1:$BW$108,-1)),"C000"))} | B16: =IF(AA16=0,"","=") | C16: {=TEXT(IF(AA16=0,"",INDEX(BC13:BC120,_xlfn.XMATCH(EDM自动!$B$12,$BW$1:$BW$108,-1))),"0000")} | D16: {=TEXT(IF(AA16=0,"",INDEX(BD13:BD120,_xlfn.XMATCH(EDM自动!$B$12,$BW$1:$BW$108,-1))),"0000")} | E16: {=TEXT(IF(AA16=0,"",INDEX(BE13:BE120,_xlfn.XMATCH(EDM自动!$B$12,$BW$1:$BW$108,-1))),"0000")} | F16: {=TEXT(IF(AA16=0,"",INDEX(BF13:BF120,_xlfn.XMATCH(EDM自动!$B$12,$BW$1:$BW$108,-1))),"0000")} | G16: {=TEXT(IF(AA16=0,"",INDEX(BG13:BG120,_xlfn.XMATCH(EDM自动!$B$12,$BW$1:$BW$108,-1))),"000")} | H16: {=TEXT(IF(AA16=0,"",INDEX(BH13:BH120,_xlfn.XMATCH(EDM自动!$B$12,$BW$1:$BW$108,-1))),"000")} | I16: {=TEXT(IF(AA16=0,"",INDEX(BI13:BI120,_xlfn.XMATCH(EDM自动!$B$12,$BW$1:$BW$108,-1))),"000")} | J16: =TEXT(IF(AA16=0,"",0),"000") | K16: =IF(AA16=0,"",IF(A16=0,"",EDM自动!$C$9)) | L16: =TEXT(IF(AA16=0,"",0),"0.000") | M16: {=IF(AA16=0,"",INDEX(BQ13:BQ120,_xlfn.XMATCH(EDM自动!$B$12,$BW$1:$BW$108,-1)))} | N16: {=IF(AA16=0,"",TEXT(LEFT(INDEX(BR13:BR120,_xlfn.XMATCH(EDM自动!$B$12,$BW$1:$BW$108,-1)),1),"00"))} | O16: {=TEXT(IF(AA16=0,"",INDEX(BN13:BN120,_xlfn.XMATCH(EDM自动!$B$12,$BW$1:$BW$108,-1))),"000")} | P16: {=TEXT(IF(AA16=0,"",INDEX(BO13:BO120,_xlfn.XMATCH(EDM自动!$B$12,$BW$1:$BW$108,-1))),"00")} | Q16: {=IF(AA16=0,"",INDEX(BP13:BP120,_xlfn.XMATCH(EDM自动!$B$12,$BW$1:$BW$108,-1)))} | R16: {=IF(AA16=0,"",INDEX(BL13:BL120,_xlfn.XMATCH(EDM自动!$B$12,$BW$1:$BW$108,-1)))} | S16: {=TEXT(IF(AA16=0,"",INDEX(BT13:BT120,_xlfn.XMATCH(EDM自动!$B$12,$BW$1:$BW$108,-1))),"00")} | T16: {=TEXT(IF(AA16=0,"",INDEX(BS13:BS120,_xlfn.XMATCH(EDM自动!$B$12,$BW$1:$BW$108,-1))),"00")} | U16: {=TEXT(IF(AA16=0,"",INDEX(BJ13:BJ120,_xlfn.XMATCH(EDM自动!$B$12,$BW$1:$BW$108,-1))),"000")} | V16: {=TEXT(IF(AA16=0,"",INDEX(BK13:BK120,_xlfn.XMATCH(EDM自动!$B$12,$BW$1:$BW$108,-1))),"00")} | W16: {=TEXT(IF(AA16=0,"",INDEX(BM13:BM120,_xlfn.XMATCH(EDM自动!$B$12,$BW$1:$BW$108,-1))),"0000")} | X16: {=TEXT(IF(AA16=0,"",INDEX(BU13:BU120,_xlfn.XMATCH(EDM自动!$B$12,$BW$1:$BW$108,-1))),"0000")} | Y16: =IF(AA16=0,"",";") | Z16: {=INDEX(BV13:BV120,_xlfn.XMATCH(EDM自动!$B$12,$BW$1:$BW$108,-1))} -> 0 | AA16: {=INDEX(BW13:BW120,_xlfn.XMATCH(EDM自动!$B$12,$BW$1:$BW$108,-1))} -> 0 | AB16: {=INDEX(BZ13:BZ120,_xlfn.XMATCH(EDM自动!$B$12,$BW$1:$BW$108,-1))} -> 0 | AC16: {=INDEX(CA13:CA120,_xlfn.XMATCH(EDM自动!$B$12,$BW$1:$BW$108,-1))} -> 0
A17: {=IF(AA17=0,"",TEXT(INDEX(BB14:BB121,_xlfn.XMATCH(EDM自动!$B$12,$BW$1:$BW$108,-1)),"C000"))} | B17: =IF(AA17=0,"","=") | C17: {=TEXT(IF(AA17=0,"",INDEX(BC14:BC121,_xlfn.XMATCH(EDM自动!$B$12,$BW$1:$BW$108,-1))),"0000")} | D17: {=TEXT(IF(AA17=0,"",INDEX(BD14:BD121,_xlfn.XMATCH(EDM自动!$B$12,$BW$1:$BW$108,-1))),"0000")} | E17: {=TEXT(IF(AA17=0,"",INDEX(BE14:BE121,_xlfn.XMATCH(EDM自动!$B$12,$BW$1:$BW$108,-1))),"0000")} | F17: {=TEXT(IF(AA17=0,"",INDEX(BF14:BF121,_xlfn.XMATCH(EDM自动!$B$12,$BW$1:$BW$108,-1))),"0000")} | G17: {=TEXT(IF(AA17=0,"",INDEX(BG14:BG121,_xlfn.XMATCH(EDM自动!$B$12,$BW$1:$BW$108,-1))),"000")} | H17: {=TEXT(IF(AA17=0,"",INDEX(BH14:BH121,_xlfn.XMATCH(EDM自动!$B$12,$BW$1:$BW$108,-1))),"000")} | I17: {=TEXT(IF(AA17=0,"",INDEX(BI14:BI121,_xlfn.XMATCH(EDM自动!$B$12,$BW$1:$BW$108,-1))),"000")} | J17: =TEXT(IF(AA17=0,"",0),"000") | K17: =IF(AA17=0,"",IF(A17=0,"",EDM自动!$C$9)) | L17: =TEXT(IF(AA17=0,"",0),"0.000") | M17: {=IF(AA17=0,"",INDEX(BQ14:BQ121,_xlfn.XMATCH(EDM自动!$B$12,$BW$1:$BW$108,-1)))} | N17: {=IF(AA17=0,"",TEXT(LEFT(INDEX(BR14:BR121,_xlfn.XMATCH(EDM自动!$B$12,$BW$1:$BW$108,-1)),1),"00"))} | O17: {=TEXT(IF(AA17=0,"",INDEX(BN14:BN121,_xlfn.XMATCH(EDM自动!$B$12,$BW$1:$BW$108,-1))),"000")} | P17: {=TEXT(IF(AA17=0,"",INDEX(BO14:BO121,_xlfn.XMATCH(EDM自动!$B$12,$BW$1:$BW$108,-1))),"00")} | Q17: {=IF(AA17=0,"",INDEX(BP14:BP121,_xlfn.XMATCH(EDM自动!$B$12,$BW$1:$BW$108,-1)))} | R17: {=IF(AA17=0,"",INDEX(BL14:BL121,_xlfn.XMATCH(EDM自动!$B$12,$BW$1:$BW$108,-1)))} | S17: {=TEXT(IF(AA17=0,"",INDEX(BT14:BT121,_xlfn.XMATCH(EDM自动!$B$12,$BW$1:$BW$108,-1))),"00")} | T17: {=TEXT(IF(AA17=0,"",INDEX(BS14:BS121,_xlfn.XMATCH(EDM自动!$B$12,$BW$1:$BW$108,-1))),"00")} | U17: {=TEXT(IF(AA17=0,"",INDEX(BJ14:BJ121,_xlfn.XMATCH(EDM自动!$B$12,$BW$1:$BW$108,-1))),"000")} | V17: {=TEXT(IF(AA17=0,"",INDEX(BK14:BK121,_xlfn.XMATCH(EDM自动!$B$12,$BW$1:$BW$108,-1))),"00")} | W17: {=TEXT(IF(AA17=0,"",INDEX(BM14:BM121,_xlfn.XMATCH(EDM自动!$B$12,$BW$1:$BW$108,-1))),"0000")} | X17: {=TEXT(IF(AA17=0,"",INDEX(BU14:BU121,_xlfn.XMATCH(EDM自动!$B$12,$BW$1:$BW$108,-1))),"0000")} | Y17: =IF(AA17=0,"",";") | Z17: {=INDEX(BV14:BV121,_xlfn.XMATCH(EDM自动!$B$12,$BW$1:$BW$108,-1))} -> 0 | AA17: {=INDEX(BW14:BW121,_xlfn.XMATCH(EDM自动!$B$12,$BW$1:$BW$108,-1))} -> 0 | AB17: {=INDEX(BZ14:BZ121,_xlfn.XMATCH(EDM自动!$B$12,$BW$1:$BW$108,-1))} -> 0 | AC17: {=INDEX(CA14:CA121,_xlfn.XMATCH(EDM自动!$B$12,$BW$1:$BW$108,-1))} -> 0
A18: {=IF(AA18=0,"",TEXT(INDEX(BB15:BB122,_xlfn.XMATCH(EDM自动!$B$12,$BW$1:$BW$108,-1)),"C000"))} | B18: =IF(AA18=0,"","=") | C18: {=TEXT(IF(AA18=0,"",INDEX(BC15:BC122,_xlfn.XMATCH(EDM自动!$B$12,$BW$1:$BW$108,-1))),"0000")} | D18: {=TEXT(IF(AA18=0,"",INDEX(BD15:BD122,_xlfn.XMATCH(EDM自动!$B$12,$BW$1:$BW$108,-1))),"0000")} | E18: {=TEXT(IF(AA18=0,"",INDEX(BE15:BE122,_xlfn.XMATCH(EDM自动!$B$12,$BW$1:$BW$108,-1))),"0000")} | F18: {=TEXT(IF(AA18=0,"",INDEX(BF15:BF122,_xlfn.XMATCH(EDM自动!$B$12,$BW$1:$BW$108,-1))),"0000")} | G18: {=TEXT(IF(AA18=0,"",INDEX(BG15:BG122,_xlfn.XMATCH(EDM自动!$B$12,$BW$1:$BW$108,-1))),"000")} | H18: {=TEXT(IF(AA18=0,"",INDEX(BH15:BH122,_xlfn.XMATCH(EDM自动!$B$12,$BW$1:$BW$108,-1))),"000")} | I18: {=TEXT(IF(AA18=0,"",INDEX(BI15:BI122,_xlfn.XMATCH(EDM自动!$B$12,$BW$1:$BW$108,-1))),"000")} | J18: =TEXT(IF(AA18=0,"",0),"000") | K18: =IF(AA18=0,"",IF(A18=0,"",EDM自动!$C$9)) | L18: =TEXT(IF(AA18=0,"",0),"0.000") | M18: {=IF(AA18=0,"",INDEX(BQ15:BQ122,_xlfn.XMATCH(EDM自动!$B$12,$BW$1:$BW$108,-1)))} | N18: {=IF(AA18=0,"",TEXT(LEFT(INDEX(BR15:BR122,_xlfn.XMATCH(EDM自动!$B$12,$BW$1:$BW$108,-1)),1),"00"))} | O18: {=TEXT(IF(AA18=0,"",INDEX(BN15:BN122,_xlfn.XMATCH(EDM自动!$B$12,$BW$1:$BW$108,-1))),"000")} | P18: {=TEXT(IF(AA18=0,"",INDEX(BO15:BO122,_xlfn.XMATCH(EDM自动!$B$12,$BW$1:$BW$108,-1))),"00")} | Q18: {=IF(AA18=0,"",INDEX(BP15:BP122,_xlfn.XMATCH(EDM自动!$B$12,$BW$1:$BW$108,-1)))} | R18: {=IF(AA18=0,"",INDEX(BL15:BL122,_xlfn.XMATCH(EDM自动!$B$12,$BW$1:$BW$108,-1)))} | S18: {=TEXT(IF(AA18=0,"",INDEX(BT15:BT122,_xlfn.XMATCH(EDM自动!$B$12,$BW$1:$BW$108,-1))),"00")} | T18: {=TEXT(IF(AA18=0,"",INDEX(BS15:BS122,_xlfn.XMATCH(EDM自动!$B$12,$BW$1:$BW$108,-1))),"00")} | U18: {=TEXT(IF(AA18=0,"",INDEX(BJ15:BJ122,_xlfn.XMATCH(EDM自动!$B$12,$BW$1:$BW$108,-1))),"000")} | V18: {=TEXT(IF(AA18=0,"",INDEX(BK15:BK122,_xlfn.XMATCH(EDM自动!$B$12,$BW$1:$BW$108,-1))),"00")} | W18: {=TEXT(IF(AA18=0,"",INDEX(BM15:BM122,_xlfn.XMATCH(EDM自动!$B$12,$BW$1:$BW$108,-1))),"0000")} | X18: {=TEXT(IF(AA18=0,"",INDEX(BU15:BU122,_xlfn.XMATCH(EDM自动!$B$12,$BW$1:$BW$108,-1))),"0000")} | Y18: =IF(AA18=0,"",";") | Z18: {=INDEX(BV15:BV122,_xlfn.XMATCH(EDM自动!$B$12,$BW$1:$BW$108,-1))} -> 0 | AA18: {=INDEX(BW15:BW122,_xlfn.XMATCH(EDM自动!$B$12,$BW$1:$BW$108,-1))} -> 0 | AB18: {=INDEX(BZ15:BZ122,_xlfn.XMATCH(EDM自动!$B$12,$BW$1:$BW$108,-1))} -> 0 | AC18: {=INDEX(CA15:CA122,_xlfn.XMATCH(EDM自动!$B$12,$BW$1:$BW$108,-1))} -> 0
A19: {=IF(AA19=0,"",TEXT(INDEX(BB16:BB123,_xlfn.XMATCH(EDM自动!$B$12,$BW$1:$BW$108,-1)),"C000"))} | B19: =IF(AA19=0,"","=") | C19: {=TEXT(IF(AA19=0,"",INDEX(BC16:BC123,_xlfn.XMATCH(EDM自动!$B$12,$BW$1:$BW$108,-1))),"0000")} | D19: {=TEXT(IF(AA19=0,"",INDEX(BD16:BD123,_xlfn.XMATCH(EDM自动!$B$12,$BW$1:$BW$108,-1))),"0000")} | E19: {=TEXT(IF(AA19=0,"",INDEX(BE16:BE123,_xlfn.XMATCH(EDM自动!$B$12,$BW$1:$BW$108,-1))),"0000")} | F19: {=TEXT(IF(AA19=0,"",INDEX(BF16:BF123,_xlfn.XMATCH(EDM自动!$B$12,$BW$1:$BW$108,-1))),"0000")} | G19: {=TEXT(IF(AA19=0,"",INDEX(BG16:BG123,_xlfn.XMATCH(EDM自动!$B$12,$BW$1:$BW$108,-1))),"000")} | H19: {=TEXT(IF(AA19=0,"",INDEX(BH16:BH123,_xlfn.XMATCH(EDM自动!$B$12,$BW$1:$BW$108,-1))),"000")} | I19: {=TEXT(IF(AA19=0,"",INDEX(BI16:BI123,_xlfn.XMATCH(EDM自动!$B$12,$BW$1:$BW$108,-1))),"000")} | J19: =TEXT(IF(AA19=0,"",0),"000") | K19: =IF(AA19=0,"",IF(A19=0,"",EDM自动!$C$9)) | L19: =TEXT(IF(AA19=0,"",0),"0.000") | M19: {=IF(AA19=0,"",INDEX(BQ16:BQ123,_xlfn.XMATCH(EDM自动!$B$12,$BW$1:$BW$108,-1)))} | N19: {=IF(AA19=0,"",TEXT(LEFT(INDEX(BR16:BR123,_xlfn.XMATCH(EDM自动!$B$12,$BW$1:$BW$108,-1)),1),"00"))} | O19: {=TEXT(IF(AA19=0,"",INDEX(BN16:BN123,_xlfn.XMATCH(EDM自动!$B$12,$BW$1:$BW$108,-1))),"000")} | P19: {=TEXT(IF(AA19=0,"",INDEX(BO16:BO123,_xlfn.XMATCH(EDM自动!$B$12,$BW$1:$BW$108,-1))),"00")} | Q19: {=IF(AA19=0,"",INDEX(BP16:BP123,_xlfn.XMATCH(EDM自动!$B$12,$BW$1:$BW$108,-1)))} | R19: {=IF(AA19=0,"",INDEX(BL16:BL123,_xlfn.XMATCH(EDM自动!$B$12,$BW$1:$BW$108,-1)))} | S19: {=TEXT(IF(AA19=0,"",INDEX(BT16:BT123,_xlfn.XMATCH(EDM自动!$B$12,$BW$1:$BW$108,-1))),"00")} | T19: {=TEXT(IF(AA19=0,"",INDEX(BS16:BS123,_xlfn.XMATCH(EDM自动!$B$12,$BW$1:$BW$108,-1))),"00")} | U19: {=TEXT(IF(AA19=0,"",INDEX(BJ16:BJ123,_xlfn.XMATCH(EDM自动!$B$12,$BW$1:$BW$108,-1))),"000")} | V19: {=TEXT(IF(AA19=0,"",INDEX(BK16:BK123,_xlfn.XMATCH(EDM自动!$B$12,$BW$1:$BW$108,-1))),"00")} | W19: {=TEXT(IF(AA19=0,"",INDEX(BM16:BM123,_xlfn.XMATCH(EDM自动!$B$12,$BW$1:$BW$108,-1))),"0000")} | X19: {=TEXT(IF(AA19=0,"",INDEX(BU16:BU123,_xlfn.XMATCH(EDM自动!$B$12,$BW$1:$BW$108,-1))),"0000")} | Y19: =IF(AA19=0,"",";") | Z19: {=INDEX(BV16:BV123,_xlfn.XMATCH(EDM自动!$B$12,$BW$1:$BW$108,-1))} -> 0 | AA19: {=INDEX(BW16:BW123,_xlfn.XMATCH(EDM自动!$B$12,$BW$1:$BW$108,-1))} -> 0 | AB19: {=INDEX(BZ16:BZ123,_xlfn.XMATCH(EDM自动!$B$12,$BW$1:$BW$108,-1))} -> 0 | AC19: {=INDEX(CA16:CA123,_xlfn.XMATCH(EDM自动!$B$12,$BW$1:$BW$108,-1))} -> 0
A20: {=IF(AA20=0,"",TEXT(INDEX(BB17:BB124,_xlfn.XMATCH(EDM自动!$B$12,$BW$1:$BW$108,-1)),"C000"))} | B20: =IF(AA20=0,"","=") | C20: {=TEXT(IF(AA20=0,"",INDEX(BC17:BC124,_xlfn.XMATCH(EDM自动!$B$12,$BW$1:$BW$108,-1))),"0000")} | D20: {=TEXT(IF(AA20=0,"",INDEX(BD17:BD124,_xlfn.XMATCH(EDM自动!$B$12,$BW$1:$BW$108,-1))),"0000")} | E20: {=TEXT(IF(AA20=0,"",INDEX(BE17:BE124,_xlfn.XMATCH(EDM自动!$B$12,$BW$1:$BW$108,-1))),"0000")} | F20: {=TEXT(IF(AA20=0,"",INDEX(BF17:BF124,_xlfn.XMATCH(EDM自动!$B$12,$BW$1:$BW$108,-1))),"0000")} | G20: {=TEXT(IF(AA20=0,"",INDEX(BG17:BG124,_xlfn.XMATCH(EDM自动!$B$12,$BW$1:$BW$108,-1))),"000")} | H20: {=TEXT(IF(AA20=0,"",INDEX(BH17:BH124,_xlfn.XMATCH(EDM自动!$B$12,$BW$1:$BW$108,-1))),"000")} | I20: {=TEXT(IF(AA20=0,"",INDEX(BI17:BI124,_xlfn.XMATCH(EDM自动!$B$12,$BW$1:$BW$108,-1))),"000")} | J20: =TEXT(IF(AA20=0,"",0),"000") | K20: =IF(AA20=0,"",IF(A20=0,"",EDM自动!$C$9)) | L20: =TEXT(IF(AA20=0,"",0),"0.000") | M20: {=IF(AA20=0,"",INDEX(BQ17:BQ124,_xlfn.XMATCH(EDM自动!$B$12,$BW$1:$BW$108,-1)))} | N20: {=IF(AA20=0,"",TEXT(LEFT(INDEX(BR17:BR124,_xlfn.XMATCH(EDM自动!$B$12,$BW$1:$BW$108,-1)),1),"00"))} | O20: {=TEXT(IF(AA20=0,"",INDEX(BN17:BN124,_xlfn.XMATCH(EDM自动!$B$12,$BW$1:$BW$108,-1))),"000")} | P20: {=TEXT(IF(AA20=0,"",INDEX(BO17:BO124,_xlfn.XMATCH(EDM自动!$B$12,$BW$1:$BW$108,-1))),"00")} | Q20: {=IF(AA20=0,"",INDEX(BP17:BP124,_xlfn.XMATCH(EDM自动!$B$12,$BW$1:$BW$108,-1)))} | R20: {=IF(AA20=0,"",INDEX(BL17:BL124,_xlfn.XMATCH(EDM自动!$B$12,$BW$1:$BW$108,-1)))} | S20: {=TEXT(IF(AA20=0,"",INDEX(BT17:BT124,_xlfn.XMATCH(EDM自动!$B$12,$BW$1:$BW$108,-1))),"00")} | T20: {=TEXT(IF(AA20=0,"",INDEX(BS17:BS124,_xlfn.XMATCH(EDM自动!$B$12,$BW$1:$BW$108,-1))),"00")} | U20: {=TEXT(IF(AA20=0,"",INDEX(BJ17:BJ124,_xlfn.XMATCH(EDM自动!$B$12,$BW$1:$BW$108,-1))),"000")} | V20: {=TEXT(IF(AA20=0,"",INDEX(BK17:BK124,_xlfn.XMATCH(EDM自动!$B$12,$BW$1:$BW$108,-1))),"00")} | W20: {=TEXT(IF(AA20=0,"",INDEX(BM17:BM124,_xlfn.XMATCH(EDM自动!$B$12,$BW$1:$BW$108,-1))),"0000")} | X20: {=TEXT(IF(AA20=0,"",INDEX(BU17:BU124,_xlfn.XMATCH(EDM自动!$B$12,$BW$1:$BW$108,-1))),"0000")} | Y20: =IF(AA20=0,"",";") | Z20: {=INDEX(BV17:BV124,_xlfn.XMATCH(EDM自动!$B$12,$BW$1:$BW$108,-1))} -> 0 | AA20: {=INDEX(BW17:BW124,_xlfn.XMATCH(EDM自动!$B$12,$BW$1:$BW$108,-1))} -> 0 | AB20: {=INDEX(BZ17:BZ124,_xlfn.XMATCH(EDM自动!$B$12,$BW$1:$BW$108,-1))} -> 0 | AC20: {=INDEX(CA17:CA124,_xlfn.XMATCH(EDM自动!$B$12,$BW$1:$BW$108,-1))} -> 0
A21: {=IF(AA21=0,"",TEXT(INDEX(BB18:BB125,_xlfn.XMATCH(EDM自动!$B$12,$BW$1:$BW$108,-1)),"C000"))} | B21: =IF(AA21=0,"","=") | C21: {=TEXT(IF(AA21=0,"",INDEX(BC18:BC125,_xlfn.XMATCH(EDM自动!$B$12,$BW$1:$BW$108,-1))),"0000")} | D21: {=TEXT(IF(AA21=0,"",INDEX(BD18:BD125,_xlfn.XMATCH(EDM自动!$B$12,$BW$1:$BW$108,-1))),"0000")} | E21: {=TEXT(IF(AA21=0,"",INDEX(BE18:BE125,_xlfn.XMATCH(EDM自动!$B$12,$BW$1:$BW$108,-1))),"0000")} | F21: {=TEXT(IF(AA21=0,"",INDEX(BF18:BF125,_xlfn.XMATCH(EDM自动!$B$12,$BW$1:$BW$108,-1))),"0000")} | G21: {=TEXT(IF(AA21=0,"",INDEX(BG18:BG125,_xlfn.XMATCH(EDM自动!$B$12,$BW$1:$BW$108,-1))),"000")} | H21: {=TEXT(IF(AA21=0,"",INDEX(BH18:BH125,_xlfn.XMATCH(EDM自动!$B$12,$BW$1:$BW$108,-1))),"000")} | I21: {=TEXT(IF(AA21=0,"",INDEX(BI18:BI125,_xlfn.XMATCH(EDM自动!$B$12,$BW$1:$BW$108,-1))),"000")} | J21: =TEXT(IF(AA21=0,"",0),"000") | K21: =IF(AA21=0,"",IF(A21=0,"",EDM自动!$C$9)) | L21: =TEXT(IF(AA21=0,"",0),"0.000") | M21: {=IF(AA21=0,"",INDEX(BQ18:BQ125,_xlfn.XMATCH(EDM自动!$B$12,$BW$1:$BW$108,-1)))} | N21: {=IF(AA21=0,"",TEXT(LEFT(INDEX(BR18:BR125,_xlfn.XMATCH(EDM自动!$B$12,$BW$1:$BW$108,-1)),1),"00"))} | O21: {=TEXT(IF(AA21=0,"",INDEX(BN18:BN125,_xlfn.XMATCH(EDM自动!$B$12,$BW$1:$BW$108,-1))),"000")} | P21: {=TEXT(IF(AA21=0,"",INDEX(BO18:BO125,_xlfn.XMATCH(EDM自动!$B$12,$BW$1:$BW$108,-1))),"00")} | Q21: {=IF(AA21=0,"",INDEX(BP18:BP125,_xlfn.XMATCH(EDM自动!$B$12,$BW$1:$BW$108,-1)))} | R21: {=IF(AA21=0,"",INDEX(BL18:BL125,_xlfn.XMATCH(EDM自动!$B$12,$BW$1:$BW$108,-1)))} | S21: {=TEXT(IF(AA21=0,"",INDEX(BT18:BT125,_xlfn.XMATCH(EDM自动!$B$12,$BW$1:$BW$108,-1))),"00")} | T21: {=TEXT(IF(AA21=0,"",INDEX(BS18:BS125,_xlfn.XMATCH(EDM自动!$B$12,$BW$1:$BW$108,-1))),"00")} | U21: {=TEXT(IF(AA21=0,"",INDEX(BJ18:BJ125,_xlfn.XMATCH(EDM自动!$B$12,$BW$1:$BW$108,-1))),"000")} | V21: {=TEXT(IF(AA21=0,"",INDEX(BK18:BK125,_xlfn.XMATCH(EDM自动!$B$12,$BW$1:$BW$108,-1))),"00")} | W21: {=TEXT(IF(AA21=0,"",INDEX(BM18:BM125,_xlfn.XMATCH(EDM自动!$B$12,$BW$1:$BW$108,-1))),"0000")} | X21: {=TEXT(IF(AA21=0,"",INDEX(BU18:BU125,_xlfn.XMATCH(EDM自动!$B$12,$BW$1:$BW$108,-1))),"0000")} | Y21: =IF(AA21=0,"",";") | Z21: {=INDEX(BV18:BV125,_xlfn.XMATCH(EDM自动!$B$12,$BW$1:$BW$108,-1))} -> 0 | AA21: {=INDEX(BW18:BW125,_xlfn.XMATCH(EDM自动!$B$12,$BW$1:$BW$108,-1))} -> 0 | AB21: {=INDEX(BZ18:BZ125,_xlfn.XMATCH(EDM自动!$B$12,$BW$1:$BW$108,-1))} -> 0 | AC21: {=INDEX(CA18:CA125,_xlfn.XMATCH(EDM自动!$B$12,$BW$1:$BW$108,-1))} -> 0
A22: {=IF(AA22=0,"",TEXT(INDEX(BB19:BB126,_xlfn.XMATCH(EDM自动!$B$12,$BW$1:$BW$108,-1)),"C000"))} | B22: =IF(AA22=0,"","=") | C22: {=TEXT(IF(AA22=0,"",INDEX(BC19:BC126,_xlfn.XMATCH(EDM自动!$B$12,$BW$1:$BW$108,-1))),"0000")} | D22: {=TEXT(IF(AA22=0,"",INDEX(BD19:BD126,_xlfn.XMATCH(EDM自动!$B$12,$BW$1:$BW$108,-1))),"0000")} | E22: {=TEXT(IF(AA22=0,"",INDEX(BE19:BE126,_xlfn.XMATCH(EDM自动!$B$12,$BW$1:$BW$108,-1))),"0000")} | F22: {=TEXT(IF(AA22=0,"",INDEX(BF19:BF126,_xlfn.XMATCH(EDM自动!$B$12,$BW$1:$BW$108,-1))),"0000")} | G22: {=TEXT(IF(AA22=0,"",INDEX(BG19:BG126,_xlfn.XMATCH(EDM自动!$B$12,$BW$1:$BW$108,-1))),"000")} | H22: {=TEXT(IF(AA22=0,"",INDEX(BH19:BH126,_xlfn.XMATCH(EDM自动!$B$12,$BW$1:$BW$108,-1))),"000")} | I22: {=TEXT(IF(AA22=0,"",INDEX(BI19:BI126,_xlfn.XMATCH(EDM自动!$B$12,$BW$1:$BW$108,-1))),"000")} | J22: =TEXT(IF(AA22=0,"",0),"000") | K22: =IF(AA22=0,"",IF(A22=0,"",EDM自动!$C$9)) | L22: =TEXT(IF(AA22=0,"",0),"0.000") | M22: {=IF(AA22=0,"",INDEX(BQ19:BQ126,_xlfn.XMATCH(EDM自动!$B$12,$BW$1:$BW$108,-1)))} | N22: {=IF(AA22=0,"",TEXT(LEFT(INDEX(BR19:BR126,_xlfn.XMATCH(EDM自动!$B$12,$BW$1:$BW$108,-1)),1),"00"))} | O22: {=TEXT(IF(AA22=0,"",INDEX(BN19:BN126,_xlfn.XMATCH(EDM自动!$B$12,$BW$1:$BW$108,-1))),"000")} | P22: {=TEXT(IF(AA22=0,"",INDEX(BO19:BO126,_xlfn.XMATCH(EDM自动!$B$12,$BW$1:$BW$108,-1))),"00")} | Q22: {=IF(AA22=0,"",INDEX(BP19:BP126,_xlfn.XMATCH(EDM自动!$B$12,$BW$1:$BW$108,-1)))} | R22: {=IF(AA22=0,"",INDEX(BL19:BL126,_xlfn.XMATCH(EDM自动!$B$12,$BW$1:$BW$108,-1)))} | S22: {=TEXT(IF(AA22=0,"",INDEX(BT19:BT126,_xlfn.XMATCH(EDM自动!$B$12,$BW$1:$BW$108,-1))),"00")} | T22: {=TEXT(IF(AA22=0,"",INDEX(BS19:BS126,_xlfn.XMATCH(EDM自动!$B$12,$BW$1:$BW$108,-1))),"00")} | U22: {=TEXT(IF(AA22=0,"",INDEX(BJ19:BJ126,_xlfn.XMATCH(EDM自动!$B$12,$BW$1:$BW$108,-1))),"000")} | V22: {=TEXT(IF(AA22=0,"",INDEX(BK19:BK126,_xlfn.XMATCH(EDM自动!$B$12,$BW$1:$BW$108,-1))),"00")} | W22: {=TEXT(IF(AA22=0,"",INDEX(BM19:BM126,_xlfn.XMATCH(EDM自动!$B$12,$BW$1:$BW$108,-1))),"0000")} | X22: {=TEXT(IF(AA22=0,"",INDEX(BU19:BU126,_xlfn.XMATCH(EDM自动!$B$12,$BW$1:$BW$108,-1))),"0000")} | Y22: =IF(AA22=0,"",";") | Z22: {=INDEX(BV19:BV126,_xlfn.XMATCH(EDM自动!$B$12,$BW$1:$BW$108,-1))} -> 0 | AA22: {=INDEX(BW19:BW126,_xlfn.XMATCH(EDM自动!$B$12,$BW$1:$BW$108,-1))} -> 0 | AB22: {=INDEX(BZ19:BZ126,_xlfn.XMATCH(EDM自动!$B$12,$BW$1:$BW$108,-1))} -> 0 | AC22: {=INDEX(CA19:CA126,_xlfn.XMATCH(EDM自动!$B$12,$BW$1:$BW$108,-1))} -> 0
A23: {=IF(AA23=0,"",TEXT(INDEX(BB20:BB127,_xlfn.XMATCH(EDM自动!$B$12,$BW$1:$BW$108,-1)),"C000"))} | B23: =IF(AA23=0,"","=") | C23: {=TEXT(IF(AA23=0,"",INDEX(BC20:BC127,_xlfn.XMATCH(EDM自动!$B$12,$BW$1:$BW$108,-1))),"0000")} | D23: {=TEXT(IF(AA23=0,"",INDEX(BD20:BD127,_xlfn.XMATCH(EDM自动!$B$12,$BW$1:$BW$108,-1))),"0000")} | E23: {=TEXT(IF(AA23=0,"",INDEX(BE20:BE127,_xlfn.XMATCH(EDM自动!$B$12,$BW$1:$BW$108,-1))),"0000")} | F23: {=TEXT(IF(AA23=0,"",INDEX(BF20:BF127,_xlfn.XMATCH(EDM自动!$B$12,$BW$1:$BW$108,-1))),"0000")} | G23: {=TEXT(IF(AA23=0,"",INDEX(BG20:BG127,_xlfn.XMATCH(EDM自动!$B$12,$BW$1:$BW$108,-1))),"000")} | H23: {=TEXT(IF(AA23=0,"",INDEX(BH20:BH127,_xlfn.XMATCH(EDM自动!$B$12,$BW$1:$BW$108,-1))),"000")} | I23: {=TEXT(IF(AA23=0,"",INDEX(BI20:BI127,_xlfn.XMATCH(EDM自动!$B$12,$BW$1:$BW$108,-1))),"000")} | J23: =TEXT(IF(AA23=0,"",0),"000") | K23: =IF(AA23=0,"",IF(A23=0,"",EDM自动!$C$9)) | L23: =TEXT(IF(AA23=0,"",0),"0.000") | M23: {=IF(AA23=0,"",INDEX(BQ20:BQ127,_xlfn.XMATCH(EDM自动!$B$12,$BW$1:$BW$108,-1)))} | N23: {=IF(AA23=0,"",TEXT(LEFT(INDEX(BR20:BR127,_xlfn.XMATCH(EDM自动!$B$12,$BW$1:$BW$108,-1)),1),"00"))} | O23: {=TEXT(IF(AA23=0,"",INDEX(BN20:BN127,_xlfn.XMATCH(EDM自动!$B$12,$BW$1:$BW$108,-1))),"000")} | P23: {=TEXT(IF(AA23=0,"",INDEX(BO20:BO127,_xlfn.XMATCH(EDM自动!$B$12,$BW$1:$BW$108,-1))),"00")} | Q23: {=IF(AA23=0,"",INDEX(BP20:BP127,_xlfn.XMATCH(EDM自动!$B$12,$BW$1:$BW$108,-1)))} | R23: {=IF(AA23=0,"",INDEX(BL20:BL127,_xlfn.XMATCH(EDM自动!$B$12,$BW$1:$BW$108,-1)))} | S23: {=TEXT(IF(AA23=0,"",INDEX(BT20:BT127,_xlfn.XMATCH(EDM自动!$B$12,$BW$1:$BW$108,-1))),"00")} | T23: {=TEXT(IF(AA23=0,"",INDEX(BS20:BS127,_xlfn.XMATCH(EDM自动!$B$12,$BW$1:$BW$108,-1))),"00")} | U23: {=TEXT(IF(AA23=0,"",INDEX(BJ20:BJ127,_xlfn.XMATCH(EDM自动!$B$12,$BW$1:$BW$108,-1))),"000")} | V23: {=TEXT(IF(AA23=0,"",INDEX(BK20:BK127,_xlfn.XMATCH(EDM自动!$B$12,$BW$1:$BW$108,-1))),"00")} | W23: {=TEXT(IF(AA23=0,"",INDEX(BM20:BM127,_xlfn.XMATCH(EDM自动!$B$12,$BW$1:$BW$108,-1))),"0000")} | X23: {=TEXT(IF(AA23=0,"",INDEX(BU20:BU127,_xlfn.XMATCH(EDM自动!$B$12,$BW$1:$BW$108,-1))),"0000")} | Y23: =IF(AA23=0,"",";") | Z23: {=INDEX(BV20:BV127,_xlfn.XMATCH(EDM自动!$B$12,$BW$1:$BW$108,-1))} -> 0 | AA23: {=INDEX(BW20:BW127,_xlfn.XMATCH(EDM自动!$B$12,$BW$1:$BW$108,-1))} -> 0 | AB23: {=INDEX(BZ20:BZ127,_xlfn.XMATCH(EDM自动!$B$12,$BW$1:$BW$108,-1))} -> 0 | AC23: {=INDEX(CA20:CA127,_xlfn.XMATCH(EDM自动!$B$12,$BW$1:$BW$108,-1))} -> 0
A24: {=IF(AA24=0,"",TEXT(INDEX(BB21:BB128,_xlfn.XMATCH(EDM自动!$B$12,$BW$1:$BW$108,-1)),"C000"))} | B24: =IF(AA24=0,"","=") | C24: {=TEXT(IF(AA24=0,"",INDEX(BC21:BC128,_xlfn.XMATCH(EDM自动!$B$12,$BW$1:$BW$108,-1))),"0000")} | D24: {=TEXT(IF(AA24=0,"",INDEX(BD21:BD128,_xlfn.XMATCH(EDM自动!$B$12,$BW$1:$BW$108,-1))),"0000")} | E24: {=TEXT(IF(AA24=0,"",INDEX(BE21:BE128,_xlfn.XMATCH(EDM自动!$B$12,$BW$1:$BW$108,-1))),"0000")} | F24: {=TEXT(IF(AA24=0,"",INDEX(BF21:BF128,_xlfn.XMATCH(EDM自动!$B$12,$BW$1:$BW$108,-1))),"0000")} | G24: {=TEXT(IF(AA24=0,"",INDEX(BG21:BG128,_xlfn.XMATCH(EDM自动!$B$12,$BW$1:$BW$108,-1))),"000")} | H24: {=TEXT(IF(AA24=0,"",INDEX(BH21:BH128,_xlfn.XMATCH(EDM自动!$B$12,$BW$1:$BW$108,-1))),"000")} | I24: {=TEXT(IF(AA24=0,"",INDEX(BI21:BI128,_xlfn.XMATCH(EDM自动!$B$12,$BW$1:$BW$108,-1))),"000")} | J24: =TEXT(IF(AA24=0,"",0),"000") | K24: =IF(AA24=0,"",IF(A24=0,"",EDM自动!$C$9)) | L24: =TEXT(IF(AA24=0,"",0),"0.000") | M24: {=IF(AA24=0,"",INDEX(BQ21:BQ128,_xlfn.XMATCH(EDM自动!$B$12,$BW$1:$BW$108,-1)))} | N24: {=IF(AA24=0,"",TEXT(LEFT(INDEX(BR21:BR128,_xlfn.XMATCH(EDM自动!$B$12,$BW$1:$BW$108,-1)),1),"00"))} | O24: {=TEXT(IF(AA24=0,"",INDEX(BN21:BN128,_xlfn.XMATCH(EDM自动!$B$12,$BW$1:$BW$108,-1))),"000")} | P24: {=TEXT(IF(AA24=0,"",INDEX(BO21:BO128,_xlfn.XMATCH(EDM自动!$B$12,$BW$1:$BW$108,-1))),"00")} | Q24: {=IF(AA24=0,"",INDEX(BP21:BP128,_xlfn.XMATCH(EDM自动!$B$12,$BW$1:$BW$108,-1)))} | R24: {=IF(AA24=0,"",INDEX(BL21:BL128,_xlfn.XMATCH(EDM自动!$B$12,$BW$1:$BW$108,-1)))} | S24: {=TEXT(IF(AA24=0,"",INDEX(BT21:BT128,_xlfn.XMATCH(EDM自动!$B$12,$BW$1:$BW$108,-1))),"00")} | T24: {=TEXT(IF(AA24=0,"",INDEX(BS21:BS128,_xlfn.XMATCH(EDM自动!$B$12,$BW$1:$BW$108,-1))),"00")} | U24: {=TEXT(IF(AA24=0,"",INDEX(BJ21:BJ128,_xlfn.XMATCH(EDM自动!$B$12,$BW$1:$BW$108,-1))),"000")} | V24: {=TEXT(IF(AA24=0,"",INDEX(BK21:BK128,_xlfn.XMATCH(EDM自动!$B$12,$BW$1:$BW$108,-1))),"00")} | W24: {=TEXT(IF(AA24=0,"",INDEX(BM21:BM128,_xlfn.XMATCH(EDM自动!$B$12,$BW$1:$BW$108,-1))),"0000")} | X24: {=TEXT(IF(AA24=0,"",INDEX(BU21:BU128,_xlfn.XMATCH(EDM自动!$B$12,$BW$1:$BW$108,-1))),"0000")} | Y24: =IF(AA24=0,"",";") | Z24: {=INDEX(BV21:BV128,_xlfn.XMATCH(EDM自动!$B$12,$BW$1:$BW$108,-1))} -> 0 | AA24: {=INDEX(BW21:BW128,_xlfn.XMATCH(EDM自动!$B$12,$BW$1:$BW$108,-1))} -> 0 | AB24: {=INDEX(BZ21:BZ128,_xlfn.XMATCH(EDM自动!$B$12,$BW$1:$BW$108,-1))} -> 0 | AC24: {=INDEX(CA21:CA128,_xlfn.XMATCH(EDM自动!$B$12,$BW$1:$BW$108,-1))} -> 0
... A33: {=IF(AA33=0,"",TEXT(INDEX(BB30:BB137,_xlfn.XMATCH(EDM自动!$B$12,$BW$1:$BW$108,-1)),"C000"))} | B33: =IF(AA33=0,"","=") | C33: {=TEXT(IF(AA33=0,"",INDEX(BC30:BC137,_xlfn.XMATCH(EDM自动!$B$12,$BW$1:$BW$108,-1))),"0000")} | D33: {=TEXT(IF(AA33=0,"",INDEX(BD30:BD137,_xlfn.XMATCH(EDM自动!$B$12,$BW$1:$BW$108,-1))),"0000")} | E33: {=TEXT(IF(AA33=0,"",INDEX(BE30:BE137,_xlfn.XMATCH(EDM自动!$B$12,$BW$1:$BW$108,-1))),"0000")} | F33: {=TEXT(IF(AA33=0,"",INDEX(BF30:BF137,_xlfn.XMATCH(EDM自动!$B$12,$BW$1:$BW$108,-1))),"0000")} | G33: {=TEXT(IF(AA33=0,"",INDEX(BG30:BG137,_xlfn.XMATCH(EDM自动!$B$12,$BW$1:$BW$108,-1))),"000")} | H33: {=TEXT(IF(AA33=0,"",INDEX(BH30:BH137,_xlfn.XMATCH(EDM自动!$B$12,$BW$1:$BW$108,-1))),"000")} | I33: {=TEXT(IF(AA33=0,"",INDEX(BI30:BI137,_xlfn.XMATCH(EDM自动!$B$12,$BW$1:$BW$108,-1))),"000")} | J33: =TEXT(IF(AA33=0,"",0),"000") | K33: =IF(AA33=0,"",IF(A33=0,"",EDM自动!$C$9)) | L33: =TEXT(IF(AA33=0,"",0),"0.000") | M33: {=IF(AA33=0,"",INDEX(BQ30:BQ137,_xlfn.XMATCH(EDM自动!$B$12,$BW$1:$BW$108,-1)))} | N33: {=IF(AA33=0,"",TEXT(LEFT(INDEX(BR30:BR137,_xlfn.XMATCH(EDM自动!$B$12,$BW$1:$BW$108,-1)),1),"00"))} | O33: {=TEXT(IF(AA33=0,"",INDEX(BN30:BN137,_xlfn.XMATCH(EDM自动!$B$12,$BW$1:$BW$108,-1))),"000")} | P33: {=TEXT(IF(AA33=0,"",INDEX(BO30:BO137,_xlfn.XMATCH(EDM自动!$B$12,$BW$1:$BW$108,-1))),"00")} | Q33: {=IF(AA33=0,"",INDEX(BP30:BP137,_xlfn.XMATCH(EDM自动!$B$12,$BW$1:$BW$108,-1)))} | R33: {=IF(AA33=0,"",INDEX(BL30:BL137,_xlfn.XMATCH(EDM自动!$B$12,$BW$1:$BW$108,-1)))} | S33: {=TEXT(IF(AA33=0,"",INDEX(BT30:BT137,_xlfn.XMATCH(EDM自动!$B$12,$BW$1:$BW$108,-1))),"00")} | T33: {=TEXT(IF(AA33=0,"",INDEX(BS30:BS137,_xlfn.XMATCH(EDM自动!$B$12,$BW$1:$BW$108,-1))),"00")} | U33: {=TEXT(IF(AA33=0,"",INDEX(BJ30:BJ137,_xlfn.XMATCH(EDM自动!$B$12,$BW$1:$BW$108,-1))),"000")} | V33: {=TEXT(IF(AA33=0,"",INDEX(BK30:BK137,_xlfn.XMATCH(EDM自动!$B$12,$BW$1:$BW$108,-1))),"00")} | W33: {=TEXT(IF(AA33=0,"",INDEX(BM30:BM137,_xlfn.XMATCH(EDM自动!$B$12,$BW$1:$BW$108,-1))),"0000")} | X33: {=TEXT(IF(AA33=0,"",INDEX(BU30:BU137,_xlfn.XMATCH(EDM自动!$B$12,$BW$1:$BW$108,-1))),"0000")} | Y33: =IF(AA33=0,"",";") | Z33: {=INDEX(BV30:BV137,_xlfn.XMATCH(EDM自动!$B$12,$BW$1:$BW$108,-1))} -> 0 | AA33: {=INDEX(BW30:BW137,_xlfn.XMATCH(EDM自动!$B$12,$BW$1:$BW$108,-1))} -> 0 | AB33: {=INDEX(BZ30:BZ137,_xlfn.XMATCH(EDM自动!$B$12,$BW$1:$BW$108,-1))} -> 0 | AC33: {=INDEX(CA30:CA137,_xlfn.XMATCH(EDM自动!$B$12,$BW$1:$BW$108,-1))} -> 0
A37: H100 | B37: = | C37: =TEXT(EDM自动!B5,"0.000") -> -0.100 | D37: ; | E37: 深度
A38: H101 | B38: = | C38: =TEXT(EDM自动!B12,"0.000") -> 0.100 | D38: ; | E38: 摇动量
A39: H102 | B39: = | C39: =IF(EDM自动!B10="无","000",IF(EDM自动!B10="自由","000",IF(EDM自动!B10="锁定","200","300"))) -> 300 | D39: ; | E39: 摇动模式
A40: G11 | B40: ;
A41: G90 | B41: G09 | C41: ;
A42: =EDM自动!B18 -> G54 | B42: G00 | C42: ="X"&TEXT(EDM自动!C18,"0.000") -> X0.000 | D42: ="Y"&TEXT(EDM自动!D18,"0.000") -> Y0.000 | E42: M98 | F42: P0000 | G42: ;
A56: T85 | B56: ;
A57: M02 | B57: ;
A58: ;
A59: N0000 | B59: ;
A60: G00 | B60: Z | C60: =TEXT(EDM自动!D16,"0.000") -> 4.000 | D60: ;
A61: T84 | B61: ;
A62: MDIV32 | B62: AOD0.03 | C62: LEJL0.150 | D62: LEJS30.0 | E62: ;
A63: =IF(OR(A2="",A2=";"),"",IF(A2>"C100","G85"&AB2&AC2&";"&CHAR(10)& TEXT(A2,"C000")&" "&"STEP"&"H101-"&TEXT(AA2,"0.0000")&" "&"LNH102"&" "&"G01"&" "&"ZH100+"&TEXT(Z2,"0.0000")&" "&"M04;",TEXT(A2,"C000")&" "&"STEP"&"H101-"&TEXT(AA2,"0.0000")&" "&"LNH102"&" "&"G01"&" "&"ZH100+"&TEXT(Z2,"0.0000")&" "&"M04;")) -> C006 STEPH101-0.1000 LNH102 G01 ZH100+0.1370 M04;
A64: =IF(OR(A3="",A3=";"),"",IF(A3>"C100","G85"&AB3&AC3&";"&CHAR(10)& TEXT(A3,"C000")&" "&"STEP"&"H101-"&TEXT(AA3,"0.0000")&" "&"LNH102"&" "&"G01"&" "&"ZH100+"&TEXT(Z3,"0.0000")&" "&"M04;",TEXT(A3,"C000")&" "&"STEP"&"H101-"&TEXT(AA3,"0.0000")&" "&"LNH102"&" "&"G01"&" "&"ZH100+"&TEXT(Z3,"0.0000")&" "&"M04;"))
A65: =IF(OR(A4="",A4=";"),"",IF(A4>"C100","G85"&AB4&AC4&";"&CHAR(10)& TEXT(A4,"C000")&" "&"STEP"&"H101-"&TEXT(AA4,"0.0000")&" "&"LNH102"&" "&"G01"&" "&"ZH100+"&TEXT(Z4,"0.0000")&" "&"M04;",TEXT(A4,"C000")&" "&"STEP"&"H101-"&TEXT(AA4,"0.0000")&" "&"LNH102"&" "&"G01"&" "&"ZH100+"&TEXT(Z4,"0.0000")&" "&"M04;")) -> C005 STEPH101-0.0763 LNH102 G01 ZH100+0.0820 M04;
A66: =IF(OR(A5="",A5=";"),"",IF(A5>"C100","G85"&AB5&AC5&";"&CHAR(10)& TEXT(A5,"C000")&" "&"STEP"&"H101-"&TEXT(AA5,"0.0000")&" "&"LNH102"&" "&"G01"&" "&"ZH100+"&TEXT(Z5,"0.0000")&" "&"M04;",TEXT(A5,"C000")&" "&"STEP"&"H101-"&TEXT(AA5,"0.0000")&" "&"LNH102"&" "&"G01"&" "&"ZH100+"&TEXT(Z5,"0.0000")&" "&"M04;")) -> C004 STEPH101-0.0520 LNH102 G01 ZH100+0.0520 M04;
A67: =IF(OR(A6="",A6=";"),"",IF(A6>"C100","G85"&AB6&AC6&";"&CHAR(10)& TEXT(A6,"C000")&" "&"STEP"&"H101-"&TEXT(AA6,"0.0000")&" "&"LNH102"&" "&"G01"&" "&"ZH100+"&TEXT(Z6,"0.0000")&" "&"M04;",TEXT(A6,"C000")&" "&"STEP"&"H101-"&TEXT(AA6,"0.0000")&" "&"LNH102"&" "&"G01"&" "&"ZH100+"&TEXT(Z6,"0.0000")&" "&"M04;")) -> C003 STEPH101-0.0330 LNH102 G01 ZH100+0.0300 M04;
A68: =IF(OR(A7="",A7=";"),"",IF(A7>"C100","G85"&AB7&AC7&";"&CHAR(10)& TEXT(A7,"C000")&" "&"STEP"&"H101-"&TEXT(AA7,"0.0000")&" "&"LNH102"&" "&"G01"&" "&"ZH100+"&TEXT(Z7,"0.0000")&" "&"M04;",TEXT(A7,"C000")&" "&"STEP"&"H101-"&TEXT(AA7,"0.0000")&" "&"LNH102"&" "&"G01"&" "&"ZH100+"&TEXT(Z7,"0.0000")&" "&"M04;")) -> C002 STEPH101-0.0230 LNH102 G01 ZH100+0.0180 M04;
A69: =IF(OR(A8="",A8=";"),"",IF(A8>"C100","G85"&AB8&AC8&";"&CHAR(10)& TEXT(A8,"C000")&" "&"STEP"&"H101-"&TEXT(AA8,"0.0000")&" "&"LNH102"&" "&"G01"&" "&"ZH100+"&TEXT(Z8,"0.0000")&" "&"M04;",TEXT(A8,"C000")&" "&"STEP"&"H101-"&TEXT(AA8,"0.0000")&" "&"LNH102"&" "&"G01"&" "&"ZH100+"&TEXT(Z8,"0.0000")&" "&"M04;")) -> G85Z10400; C801 STEPH101-0.0260 LNH102 G01 ZH100+-0.0070 M04;
A70: =IF(OR(A9="",A9=";"),"",IF(A9>"C100","G85"&AB9&AC9&";"&CHAR(10)& TEXT(A9,"C000")&" "&"STEP"&"H101-"&TEXT(AA9,"0.0000")&" "&"LNH102"&" "&"G01"&" "&"ZH100+"&TEXT(Z9,"0.0000")&" "&"M04;",TEXT(A9,"C000")&" "&"STEP"&"H101-"&TEXT(AA9,"0.0000")&" "&"LNH102"&" "&"G01"&" "&"ZH100+"&TEXT(Z9,"0.0000")&" "&"M04;")) -> G85Z312; C801 STEPH101-0.0110 LNH102 G01 ZH100+0.0130 M04;
A71: =IF(OR(A10="",A10=";"),"",IF(A10>"C100","G85"&AB10&AC10&";"&CHAR(10)& TEXT(A10,"C000")&" "&"STEP"&"H101-"&TEXT(AA10,"0.0000")&" "&"LNH102"&" "&"G01"&" "&"ZH100+"&TEXT(Z10,"0.0000")&" "&"M04;",TEXT(A10,"C000")&" "&"STEP"&"H101-"&TEXT(AA10,"0.0000")&" "&"LNH102"&" "&"G01"&" "&"ZH100+"&TEXT(Z10,"0.0000")&" "&"M04;"))
A72: =IF(OR(A11="",A11=";"),"",IF(A11>"C100","G85"&AB11&AC11&";"&CHAR(10)& TEXT(A11,"C000")&" "&"STEP"&"H101-"&TEXT(AA11,"0.0000")&" "&"LNH102"&" "&"G01"&" "&"ZH100+"&TEXT(Z11,"0.0000")&" "&"M04;",TEXT(A11,"C000")&" "&"STEP"&"H101-"&TEXT(AA11,"0.0000")&" "&"LNH102"&" "&"G01"&" "&"ZH100+"&TEXT(Z11,"0.0000")&" "&"M04;"))
A73: =IF(OR(A12="",A12=";"),"",IF(A12>"C100","G85"&AB12&AC12&";"&CHAR(10)& TEXT(A12,"C000")&" "&"STEP"&"H101-"&TEXT(AA12,"0.0000")&" "&"LNH102"&" "&"G01"&" "&"ZH100+"&TEXT(Z12,"0.0000")&" "&"M04;",TEXT(A12,"C000")&" "&"STEP"&"H101-"&TEXT(AA12,"0.0000")&" "&"LNH102"&" "&"G01"&" "&"ZH100+"&TEXT(Z12,"0.0000")&" "&"M04;"))
A74: =IF(OR(A13="",A13=";"),"",IF(A13>"C100","G85"&AB13&AC13&";"&CHAR(10)& TEXT(A13,"C000")&" "&"STEP"&"H101-"&TEXT(AA13,"0.0000")&" "&"LNH102"&" "&"G01"&" "&"ZH100+"&TEXT(Z13,"0.0000")&" "&"M04;",TEXT(A13,"C000")&" "&"STEP"&"H101-"&TEXT(AA13,"0.0000")&" "&"LNH102"&" "&"G01"&" "&"ZH100+"&TEXT(Z13,"0.0000")&" "&"M04;"))
... A88: =IF(OR(A27="",A27=";"),"",IF(A27>"C100","G85"&AB27&AC27&";"&CHAR(10)& TEXT(A27,"C000")&" "&"STEP"&"H101-"&TEXT(AA27,"0.0000")&" "&"LNH102"&" "&"G01"&" "&"ZH100+"&TEXT(Z27,"0.0000")&" "&"M04;",TEXT(A27,"C000")&" "&"STEP"&"H101-"&TEXT(AA27,"0.0000")&" "&"LNH102"&" "&"G01"&" "&"ZH100+"&TEXT(Z27,"0.0000")&" "&"M04;"))
A91: ;
A92: G00 | B92: Z | C92: =TEXT(EDM自动!F16,"0.000") -> 10.000 | D92: ;
A93: M99 | B93: ;
A94: ;
BC114: 0 | BD114: 3.75 | BE114: 3.75
BC115: 1 | BE115: 3.35
BC116: 2 | BE116: 2.95
BC117: 3 | BE117: 2.55
BC118: 4 | BE118: 2.15
BC119: 5 | BE119: 1.75
BC120: 6 | BE120: 1.35
BC121: 7 | BE121: 0.95
BC122: 8 | BE122: 0.55
BC123: 9 | BD123: 0.25 | BE123: 0.15

Sheet 通用
A1: 行 | B1: C NO. | C1: ON | D1: OFF | E1: MA | F1: IP | G1: SV | H1: UP | I1: DN | J1: JS | K1: JM | L1: S | M1: OC | N1: HP | O1: PP | P1: C | Q1: PL | R1: V | S1: AL | T1: L | U1: LD | V1: 底部余量 | W1: 侧面余量 | X1: AJC | Y1: 加工速度 | Z1: 定时 | AA1: 定时时间 | AB1: 粗糙度 | AC1: 材料 | AD1: 面积 | AE1: 形状 | AF1: 重视 | AG1: Ra | AH1: 切入 | BA1: 行 | BB1: C NO. | BC1: ON | BD1: OFF | BE1: MA | BF1: IP | BG1: SV | BH1: UP | BI1: DN | BJ1: JS | BK1: JM | BL1: S | BM1: OC | BN1: HP | BO1: PP | BP1: C | BQ1: PL | BR1: V | BS1: AL | BT1: L | BU1: LD | BV1: 底部余量 | BW1: 侧面余量 | BX1: AJC | BY1: 加工速度 | BZ1: 定时 | CA1: 定时时间 | CB1: 粗糙度 | CC1: 材料 | CD1: 面积 | CE1: 形状 | CF1: 重视 | CG1: Ra | CH1: 切入
A2: 以下紫铜参数 | F2: =IF(BF2="","",IF(OR(ROUND(MOD(BF2,1),1)=0.2,ROUND(MOD(BF2,1),1)=0.4,ROUND(MOD(BF2,1),1)=0.7),BF2+0.1,IF(OR(ROUND(MOD(BF2,1),1)=0.1,ROUND(MOD(BF2,1),1)=0.6,ROUND(MOD(BF2,1),1)=0.9),BF2-0.1,BF2))*10) | H2: =IF(BH2="","",IF(ROUNDUP((BH2/100)*IF(BJ2>100,RIGHT(BJ2,2),BJ2)*250*4/60*2/IF(BK2>=10,10,1),0)>15,15,ROUNDUP((BH2/100)*IF(BJ2>100,RIGHT(BJ2,2),BJ2)*250*4/60*2/IF(BK2>=10,10,1),0))) | I2: =IF(BI2="","",ROUND(BI2*10/80,0)) | J2: =IF(BJ2="","",IF(BJ2>100,100+IF(RIGHT(BJ2,1)*25>=100,80,RIGHT(BJ2,1)*25),IF(RIGHT(BJ2,1)*25>=100,80,RIGHT(BJ2,1)*25)))
A3: 2 | B3: 4 | C3: 12 | D3: 12 | E3: 0 | F3: =IF(BF3="","",IF(OR(ROUND(MOD(BF3,1),1)=0.2,ROUND(MOD(BF3,1),1)=0.4,ROUND(MOD(BF3,1),1)=0.7),BF3+0.1,IF(OR(ROUND(MOD(BF3,1),1)=0.1,ROUND(MOD(BF3,1),1)=0.6,ROUND(MOD(BF3,1),1)=0.9),BF3-0.1,BF3))*10) -> 8 | G3: 95 | H3: =IF(BH3="","",IF(ROUNDUP((BH3/100)*IF(BJ3>100,RIGHT(BJ3,2),BJ3)*250*4/60*2/IF(BK3>=10,10,1),0)>15,15,ROUNDUP((BH3/100)*IF(BJ3>100,RIGHT(BJ3,2),BJ3)*250*4/60*2/IF(BK3>=10,10,1),0))) -> 8 | I3: =IF(BI3="","",ROUND(BI3*10/80,0)) -> 3 | J3: =IF(BJ3="","",IF(BJ3>100,100+IF(RIGHT(BJ3,1)*25>=100,80,RIGHT(BJ3,1)*25),IF(RIGHT(BJ3,1)*25>=100,80,RIGHT(BJ3,1)*25))) -> 50 | K3: =TEXT(IF(W3=0,"",IF(BK3>=10,LEFT(BK3,1),0)&IF(V3>=0.06,3,0)),"00") -> 00 | L3: 63 | M3: 0 | N3: 40 | O3: 0 | P3: 0 | Q3: + | R3: 21 | S3: 15 | T3: 3 | U3: 2 | V3: 0.053 | W3: 0.035 | X3: 24 | Y3: 0 | Z3: T | AB3: 1.12 | AC3: 1 | AD3: 1 | AE3: 1 | AF3: 1 | AG3: 0.1 | AH3: 0 | BA3: 2 | BB3: 4 | BC3: 12 | BD3: 12 | BE3: 0 | BF3: 0.7 | BG3: 95 | BH3: 12 | BI3: 25 | BJ3: 2 | BK3: 0 | BL3: 63 | BM3: 0 | BN3: 40 | BO3: 0 | BP3: 0 | BQ3: + | BR3: 21 | BS3: 15 | BT3: 3 | BU3: 2 | BV3: 0.053 | BW3: 0.035 | BX3: 24 | BY3: 0 | BZ3: T | CB3: 1.12 | CC3: 1 | CD3: 1 | CE3: 1 | CF3: 1 | CG3: 0.1 | CH3: 0
A4: 3 | B4: 3 | C4: 5 | D4: 10 | E4: 0 | F4: =IF(BF4="","",IF(OR(ROUND(MOD(BF4,1),1)=0.2,ROUND(MOD(BF4,1),1)=0.4,ROUND(MOD(BF4,1),1)=0.7),BF4+0.1,IF(OR(ROUND(MOD(BF4,1),1)=0.1,ROUND(MOD(BF4,1),1)=0.6,ROUND(MOD(BF4,1),1)=0.9),BF4-0.1,BF4))*10) -> 5 | G4: 95 | H4: =IF(BH4="","",IF(ROUNDUP((BH4/100)*IF(BJ4>100,RIGHT(BJ4,2),BJ4)*250*4/60*2/IF(BK4>=10,10,1),0)>15,15,ROUNDUP((BH4/100)*IF(BJ4>100,RIGHT(BJ4,2),BJ4)*250*4/60*2/IF(BK4>=10,10,1),0))) -> 8 | I4: =IF(BI4="","",ROUND(BI4*10/80,0)) -> 3 | J4: =IF(BJ4="","",IF(BJ4>100,100+IF(RIGHT(BJ4,1)*25>=100,80,RIGHT(BJ4,1)*25),IF(RIGHT(BJ4,1)*25>=100,80,RIGHT(BJ4,1)*25))) -> 50 | K4: =TEXT(IF(W4=0,"",IF(BK4>=10,LEFT(BK4,1),0)&IF(V4>=0.06,3,0)),"00") -> 00 | L4: 63 | M4: 0 | N4: 10 | O4: 0 | P4: 0 | Q4: + | R4: 22 | S4: 15 | T4: 3 | U4: 2 | V4: 0.036 | W4: 0.023 | X4: 24 | Y4: 0 | Z4: T | AB4: 0.8 | AC4: 1 | AD4: 1 | AE4: 1 | AF4: 1 | AG4: 0.1 | AH4: 0 | BA4: 3 | BB4: 3 | BC4: 5 | BD4: 10 | BE4: 0 | BF4: 0.4 | BG4: 95 | BH4: 12 | BI4: 25 | BJ4: 2 | BK4: 0 | BL4: 63 | BM4: 0 | BN4: 10 | BO4: 0 | BP4: 0 | BQ4: + | BR4: 22 | BS4: 15 | BT4: 3 | BU4: 2 | BV4: 0.036 | BW4: 0.023 | BX4: 24 | BY4: 0 | BZ4: T | CB4: 0.8 | CC4: 1 | CD4: 1 | CE4: 1 | CF4: 1 | CG4: 0.1 | CH4: 0
A5: 4 | B5: 2 | C5: 1 | D5: 5 | E5: 0 | F5: =IF(BF5="","",IF(OR(ROUND(MOD(BF5,1),1)=0.2,ROUND(MOD(BF5,1),1)=0.4,ROUND(MOD(BF5,1),1)=0.7),BF5+0.1,IF(OR(ROUND(MOD(BF5,1),1)=0.1,ROUND(MOD(BF5,1),1)=0.6,ROUND(MOD(BF5,1),1)=0.9),BF5-0.1,BF5))*10) -> 10 | G5: 95 | H5: =IF(BH5="","",IF(ROUNDUP((BH5/100)*IF(BJ5>100,RIGHT(BJ5,2),BJ5)*250*4/60*2/IF(BK5>=10,10,1),0)>15,15,ROUNDUP((BH5/100)*IF(BJ5>100,RIGHT(BJ5,2),BJ5)*250*4/60*2/IF(BK5>=10,10,1),0))) -> 8 | I5: =IF(BI5="","",ROUND(BI5*10/80,0)) -> 5 | J5: =IF(BJ5="","",IF(BJ5>100,100+IF(RIGHT(BJ5,1)*25>=100,80,RIGHT(BJ5,1)*25),IF(RIGHT(BJ5,1)*25>=100,80,RIGHT(BJ5,1)*25))) -> 50 | K5: =TEXT(IF(W5=0,"",IF(BK5>=10,LEFT(BK5,1),0)&IF(V5>=0.06,3,0)),"00") -> 00 | L5: 63 | M5: 0 | N5: 40 | O5: 10 | P5: 1 | Q5: - | R5: 22 | S5: 30 | T5: 3 | U5: 2 | V5: 0.022 | W5: 0.013 | X5: 24 | Y5: 0 | Z5: T | AB5: 0.5 | AC5: 1 | AD5: 1 | AE5: 1 | AF5: 1 | AG5: 0.1 | AH5: 0 | BA5: 4 | BB5: 2 | BC5: 1 | BD5: 5 | BE5: 0 | BF5: 1 | BG5: 95 | BH5: 12 | BI5: 40 | BJ5: 2 | BK5: 0 | BL5: 63 | BM5: 0 | BN5: 40 | BO5: 10 | BP5: 1 | BQ5: - | BR5: 22 | BS5: 30 | BT5: 3 | BU5: 2 | BV5: 0.022 | BW5: 0.013 | BX5: 24 | BY5: 0 | BZ5: T | CB5: 0.5 | CC5: 1 | CD5: 1 | CE5: 1 | CF5: 1 | CG5: 0.1 | CH5: 0
A6: 5 | B6: 1 | C6: 1 | D6: 5 | E6: 0 | F6: =IF(BF6="","",IF(OR(ROUND(MOD(BF6,1),1)=0.2,ROUND(MOD(BF6,1),1)=0.4,ROUND(MOD(BF6,1),1)=0.7),BF6+0.1,IF(OR(ROUND(MOD(BF6,1),1)=0.1,ROUND(MOD(BF6,1),1)=0.6,ROUND(MOD(BF6,1),1)=0.9),BF6-0.1,BF6))*10) -> 5 | G6: 75 | H6: =IF(BH6="","",IF(ROUNDUP((BH6/100)*IF(BJ6>100,RIGHT(BJ6,2),BJ6)*250*4/60*2/IF(BK6>=10,10,1),0)>15,15,ROUNDUP((BH6/100)*IF(BJ6>100,RIGHT(BJ6,2),BJ6)*250*4/60*2/IF(BK6>=10,10,1),0))) -> 4 | I6: =IF(BI6="","",ROUND(BI6*10/80,0)) -> 5 | J6: =IF(BJ6="","",IF(BJ6>100,100+IF(RIGHT(BJ6,1)*25>=100,80,RIGHT(BJ6,1)*25),IF(RIGHT(BJ6,1)*25>=100,80,RIGHT(BJ6,1)*25))) -> 25 | K6: =TEXT(IF(W6=0,"",IF(BK6>=10,LEFT(BK6,1),0)&IF(V6>=0.06,3,0)),"00") -> 00 | L6: 63 | M6: 0 | N6: 40 | O6: 10 | P6: 0 | Q6: - | R6: 22 | S6: 30 | T6: 3 | U6: 2 | V6: 0.011 | W6: 0.008 | X6: 24 | Y6: 0 | Z6: T | AB6: 0.1 | AC6: 1 | AD6: 1 | AE6: 1 | AF6: 1 | AG6: 0.1 | AH6: 0 | BA6: 5 | BB6: 1 | BC6: 1 | BD6: 5 | BE6: 0 | BF6: 0.4 | BG6: 75 | BH6: 12 | BI6: 40 | BJ6: 1 | BK6: 0 | BL6: 63 | BM6: 0 | BN6: 40 | BO6: 10 | BP6: 0 | BQ6: - | BR6: 22 | BS6: 30 | BT6: 3 | BU6: 2 | BV6: 0.011 | BW6: 0.008 | BX6: 24 | BY6: 0 | BZ6: T | CB6: 0.1 | CC6: 1 | CD6: 1 | CE6: 1 | CF6: 1 | CG6: 0.1 | CH6: 0
F7: =IF(BF7="","",IF(OR(ROUND(MOD(BF7,1),1)=0.2,ROUND(MOD(BF7,1),1)=0.4,ROUND(MOD(BF7,1),1)=0.7),BF7+0.1,IF(OR(ROUND(MOD(BF7,1),1)=0.1,ROUND(MOD(BF7,1),1)=0.6,ROUND(MOD(BF7,1),1)=0.9),BF7-0.1,BF7))*10) | H7: =IF(BH7="","",IF(ROUNDUP((BH7/100)*IF(BJ7>100,RIGHT(BJ7,2),BJ7)*250*4/60*2/IF(BK7>=10,10,1),0)>15,15,ROUNDUP((BH7/100)*IF(BJ7>100,RIGHT(BJ7,2),BJ7)*250*4/60*2/IF(BK7>=10,10,1),0))) | I7: =IF(BI7="","",ROUND(BI7*10/80,0)) | J7: =IF(BJ7="","",IF(BJ7>100,100+IF(RIGHT(BJ7,1)*25>=100,80,RIGHT(BJ7,1)*25),IF(RIGHT(BJ7,1)*25>=100,80,RIGHT(BJ7,1)*25))) | K7: =TEXT(IF(W7=0,"",IF(BK7>=10,LEFT(BK7,1),0)&IF(V7>=0.06,3,0)),"00") | BK7: 0
F8: =IF(BF8="","",IF(OR(ROUND(MOD(BF8,1),1)=0.2,ROUND(MOD(BF8,1),1)=0.4,ROUND(MOD(BF8,1),1)=0.7),BF8+0.1,IF(OR(ROUND(MOD(BF8,1),1)=0.1,ROUND(MOD(BF8,1),1)=0.6,ROUND(MOD(BF8,1),1)=0.9),BF8-0.1,BF8))*10) | H8: =IF(BH8="","",IF(ROUNDUP((BH8/100)*IF(BJ8>100,RIGHT(BJ8,2),BJ8)*250*4/60*2/IF(BK8>=10,10,1),0)>15,15,ROUNDUP((BH8/100)*IF(BJ8>100,RIGHT(BJ8,2),BJ8)*250*4/60*2/IF(BK8>=10,10,1),0))) | I8: =IF(BI8="","",ROUND(BI8*10/80,0)) | J8: =IF(BJ8="","",IF(BJ8>100,100+IF(RIGHT(BJ8,1)*25>=100,80,RIGHT(BJ8,1)*25),IF(RIGHT(BJ8,1)*25>=100,80,RIGHT(BJ8,1)*25))) | K8: =TEXT(IF(W8=0,"",IF(BK8>=10,LEFT(BK8,1),0)&IF(V8>=0.06,3,0)),"00") | BK8: 0
A9: 2 | B9: 3 | C9: 12 | D9: 12 | E9: 0 | F9: =IF(BF9="","",IF(OR(ROUND(MOD(BF9,1),1)=0.2,ROUND(MOD(BF9,1),1)=0.4,ROUND(MOD(BF9,1),1)=0.7),BF9+0.1,IF(OR(ROUND(MOD(BF9,1),1)=0.1,ROUND(MOD(BF9,1),1)=0.6,ROUND(MOD(BF9,1),1)=0.9),BF9-0.1,BF9))*10) -> 8 | G9: 75 | H9: =IF(BH9="","",IF(ROUNDUP((BH9/100)*IF(BJ9>100,RIGHT(BJ9,2),BJ9)*250*4/60*2/IF(BK9>=10,10,1),0)>15,15,ROUNDUP((BH9/100)*IF(BJ9>100,RIGHT(BJ9,2),BJ9)*250*4/60*2/IF(BK9>=10,10,1),0))) -> 8 | I9: =IF(BI9="","",ROUND(BI9*10/80,0)) -> 3 | J9: =IF(BJ9="","",IF(BJ9>100,100+IF(RIGHT(BJ9,1)*25>=100,80,RIGHT(BJ9,1)*25),IF(RIGHT(BJ9,1)*25>=100,80,RIGHT(BJ9,1)*25))) -> 50 | K9: =TEXT(IF(W9=0,"",IF(BK9>=10,LEFT(BK9,1),0)&IF(V9>=0.06,3,0)),"00") -> 00 | L9: 63 | M9: 0 | N9: 40 | O9: 10 | P9: 0 | Q9: + | R9: 21 | S9: 15 | T9: 3 | U9: 2 | V9: 0.052 | W9: 0.0343 | X9: 24 | Y9: 0 | Z9: T | AB9: 0.86 | AC9: 1 | AD9: 1 | AE9: 1 | AF9: 1 | AG9: 0.32 | AH9: 0 | BA9: 2 | BB9: 3 | BC9: 12 | BD9: 12 | BE9: 0 | BF9: 0.7 | BG9: 75 | BH9: 12 | BI9: 25 | BJ9: 2 | BK9: 0 | BL9: 63 | BM9: 0 | BN9: 40 | BO9: 10 | BP9: 0 | BQ9: + | BR9: 21 | BS9: 15 | BT9: 3 | BU9: 2 | BV9: 0.052 | BW9: 0.0343 | BX9: 24 | BY9: 0 | BZ9: T | CB9: 0.86 | CC9: 1 | CD9: 1 | CE9: 1 | CF9: 1 | CG9: 0.32 | CH9: 0
A10: 3 | B10: 2 | C10: 5 | D10: 10 | E10: 0 | F10: =IF(BF10="","",IF(OR(ROUND(MOD(BF10,1),1)=0.2,ROUND(MOD(BF10,1),1)=0.4,ROUND(MOD(BF10,1),1)=0.7),BF10+0.1,IF(OR(ROUND(MOD(BF10,1),1)=0.1,ROUND(MOD(BF10,1),1)=0.6,ROUND(MOD(BF10,1),1)=0.9),BF10-0.1,BF10))*10) -> 5 | G10: 95 | H10: =IF(BH10="","",IF(ROUNDUP((BH10/100)*IF(BJ10>100,RIGHT(BJ10,2),BJ10)*250*4/60*2/IF(BK10>=10,10,1),0)>15,15,ROUNDUP((BH10/100)*IF(BJ10>100,RIGHT(BJ10,2),BJ10)*250*4/60*2/IF(BK10>=10,10,1),0))) -> 8 | I10: =IF(BI10="","",ROUND(BI10*10/80,0)) -> 3 | J10: =IF(BJ10="","",IF(BJ10>100,100+IF(RIGHT(BJ10,1)*25>=100,80,RIGHT(BJ10,1)*25),IF(RIGHT(BJ10,1)*25>=100,80,RIGHT(BJ10,1)*25))) -> 50 | K10: =TEXT(IF(W10=0,"",IF(BK10>=10,LEFT(BK10,1),0)&IF(V10>=0.06,3,0)),"00") -> 00 | L10: 63 | M10: 0 | N10: 40 | O10: 10 | P10: 0 | Q10: + | R10: 22 | S10: 15 | T10: 3 | U10: 2 | V10: 0.035 | W10: 0.0224 | X10: 24 | Y10: 0 | Z10: T | AB10: 0.49 | AC10: 1 | AD10: 1 | AE10: 1 | AF10: 1 | AG10: 0.32 | AH10: 0 | BA10: 3 | BB10: 2 | BC10: 5 | BD10: 10 | BE10: 0 | BF10: 0.4 | BG10: 95 | BH10: 12 | BI10: 25 | BJ10: 2 | BK10: 0 | BL10: 63 | BM10: 0 | BN10: 40 | BO10: 10 | BP10: 0 | BQ10: + | BR10: 22 | BS10: 15 | BT10: 3 | BU10: 2 | BV10: 0.035 | BW10: 0.0224 | BX10: 24 | BY10: 0 | BZ10: T | CB10: 0.49 | CC10: 1 | CD10: 1 | CE10: 1 | CF10: 1 | CG10: 0.32 | CH10: 0
A11: 4 | B11: 1 | C11: 1 | D11: 5 | E11: 0 | F11: =IF(BF11="","",IF(OR(ROUND(MOD(BF11,1),1)=0.2,ROUND(MOD(BF11,1),1)=0.4,ROUND(MOD(BF11,1),1)=0.7),BF11+0.1,IF(OR(ROUND(MOD(BF11,1),1)=0.1,ROUND(MOD(BF11,1),1)=0.6,ROUND(MOD(BF11,1),1)=0.9),BF11-0.1,BF11))*10) -> 5 | G11: 95 | H11: =IF(BH11="","",IF(ROUNDUP((BH11/100)*IF(BJ11>100,RIGHT(BJ11,2),BJ11)*250*4/60*2/IF(BK11>=10,10,1),0)>15,15,ROUNDUP((BH11/100)*IF(BJ11>100,RIGHT(BJ11,2),BJ11)*250*4/60*2/IF(BK11>=10,10,1),0))) -> 4 | I11: =IF(BI11="","",ROUND(BI11*10/80,0)) -> 5 | J11: =IF(BJ11="","",IF(BJ11>100,100+IF(RIGHT(BJ11,1)*25>=100,80,RIGHT(BJ11,1)*25),IF(RIGHT(BJ11,1)*25>=100,80,RIGHT(BJ11,1)*25))) -> 25 | K11: =TEXT(IF(W11=0,"",IF(BK11>=10,LEFT(BK11,1),0)&IF(V11>=0.06,3,0)),"00") -> 00 | L11: 63 | M11: 0 | N11: 40 | O11: 10 | P11: 1 | Q11: - | R11: 22 | S11: 30 | T11: 3 | U11: 2 | V11: 0.012 | W11: 0.008 | X11: 24 | Y11: 0 | Z11: T | AB11: 0.32 | AC11: 1 | AD11: 1 | AE11: 1 | AF11: 1 | AG11: 0.32 | AH11: 0 | BA11: 4 | BB11: 1 | BC11: 1 | BD11: 5 | BE11: 0 | BF11: 0.4 | BG11: 95 | BH11: 12 | BI11: 40 | BJ11: 1 | BK11: 0 | BL11: 63 | BM11: 0 | BN11: 40 | BO11: 10 | BP11: 1 | BQ11: - | BR11: 22 | BS11: 30 | BT11: 3 | BU11: 2 | BV11: 0.012 | BW11: 0.008 | BX11: 24 | BY11: 0 | BZ11: T | CB11: 0.32 | CC11: 1 | CD11: 1 | CE11: 1 | CF11: 1 | CG11: 0.32 | CH11: 0
F12: =IF(BF12="","",IF(OR(ROUND(MOD(BF12,1),1)=0.2,ROUND(MOD(BF12,1),1)=0.4,ROUND(MOD(BF12,1),1)=0.7),BF12+0.1,IF(OR(ROUND(MOD(BF12,1),1)=0.1,ROUND(MOD(BF12,1),1)=0.6,ROUND(MOD(BF12,1),1)=0.9),BF12-0.1,BF12))*10) | H12: =IF(BH12="","",IF(ROUNDUP((BH12/100)*IF(BJ12>100,RIGHT(BJ12,2),BJ12)*250*4/60*2/IF(BK12>=10,10,1),0)>15,15,ROUNDUP((BH12/100)*IF(BJ12>100,RIGHT(BJ12,2),BJ12)*250*4/60*2/IF(BK12>=10,10,1),0))) | I12: =IF(BI12="","",ROUND(BI12*10/80,0)) | J12: =IF(BJ12="","",IF(BJ12>100,100+IF(RIGHT(BJ12,1)*25>=100,80,RIGHT(BJ12,1)*25),IF(RIGHT(BJ12,1)*25>=100,80,RIGHT(BJ12,1)*25))) | K12: =TEXT(IF(W12=0,"",IF(BK12>=10,LEFT(BK12,1),0)&IF(V12>=0.06,3,0)),"00") | BK12: 0
F13: =IF(BF13="","",IF(OR(ROUND(MOD(BF13,1),1)=0.2,ROUND(MOD(BF13,1),1)=0.4,ROUND(MOD(BF13,1),1)=0.7),BF13+0.1,IF(OR(ROUND(MOD(BF13,1),1)=0.1,ROUND(MOD(BF13,1),1)=0.6,ROUND(MOD(BF13,1),1)=0.9),BF13-0.1,BF13))*10) | H13: =IF(BH13="","",IF(ROUNDUP((BH13/100)*IF(BJ13>100,RIGHT(BJ13,2),BJ13)*250*4/60*2/IF(BK13>=10,10,1),0)>15,15,ROUNDUP((BH13/100)*IF(BJ13>100,RIGHT(BJ13,2),BJ13)*250*4/60*2/IF(BK13>=10,10,1),0))) | I13: =IF(BI13="","",ROUND(BI13*10/80,0)) | J13: =IF(BJ13="","",IF(BJ13>100,100+IF(RIGHT(BJ13,1)*25>=100,80,RIGHT(BJ13,1)*25),IF(RIGHT(BJ13,1)*25>=100,80,RIGHT(BJ13,1)*25))) | K13: =TEXT(IF(W13=0,"",IF(BK13>=10,LEFT(BK13,1),0)&IF(V13>=0.06,3,0)),"00") | BK13: 0
A14: 2 | B14: 3 | C14: 12 | D14: 12 | E14: 0 | F14: =IF(BF14="","",IF(OR(ROUND(MOD(BF14,1),1)=0.2,ROUND(MOD(BF14,1),1)=0.4,ROUND(MOD(BF14,1),1)=0.7),BF14+0.1,IF(OR(ROUND(MOD(BF14,1),1)=0.1,ROUND(MOD(BF14,1),1)=0.6,ROUND(MOD(BF14,1),1)=0.9),BF14-0.1,BF14))*10) -> 8 | G14: 75 | H14: =IF(BH14="","",IF(ROUNDUP((BH14/100)*IF(BJ14>100,RIGHT(BJ14,2),BJ14)*250*4/60*2/IF(BK14>=10,10,1),0)>15,15,ROUNDUP((BH14/100)*IF(BJ14>100,RIGHT(BJ14,2),BJ14)*250*4/60*2/IF(BK14>=10,10,1),0))) -> 8 | I14: =IF(BI14="","",ROUND(BI14*10/80,0)) -> 3 | J14: =IF(BJ14="","",IF(BJ14>100,100+IF(RIGHT(BJ14,1)*25>=100,80,RIGHT(BJ14,1)*25),IF(RIGHT(BJ14,1)*25>=100,80,RIGHT(BJ14,1)*25))) -> 50 | K14: =TEXT(IF(W14=0,"",IF(BK14>=10,LEFT(BK14,1),0)&IF(V14>=0.06,3,0)),"00") -> 00 | L14: 63 | M14: 0 | N14: 40 | O14: 0 | P14: 0 | Q14: + | R14: 21 | S14: 15 | T14: 3 | U14: 2 | V14: 0.052 | W14: 0.0343 | X14: 24 | Y14: 0 | Z14: T | AB14: 1.12 | AC14: 1 | AD14: 1 | AE14: 1 | AF14: 1 | AG14: 0.5 | AH14: 0 | BA14: 2 | BB14: 3 | BC14: 12 | BD14: 12 | BE14: 0 | BF14: 0.7 | BG14: 75 | BH14: 12 | BI14: 25 | BJ14: 2 | BK14: 0 | BL14: 63 | BM14: 0 | BN14: 40 | BO14: 0 | BP14: 0 | BQ14: + | BR14: 21 | BS14: 15 | BT14: 3 | BU14: 2 | BV14: 0.052 | BW14: 0.0343 | BX14: 24 | BY14: 0 | BZ14: T | CB14: 1.12 | CC14: 1 | CD14: 1 | CE14: 1 | CF14: 1 | CG14: 0.5 | CH14: 0
A15: 3 | B15: 2 | C15: 5 | D15: 10 | E15: 0 | F15: =IF(BF15="","",IF(OR(ROUND(MOD(BF15,1),1)=0.2,ROUND(MOD(BF15,1),1)=0.4,ROUND(MOD(BF15,1),1)=0.7),BF15+0.1,IF(OR(ROUND(MOD(BF15,1),1)=0.1,ROUND(MOD(BF15,1),1)=0.6,ROUND(MOD(BF15,1),1)=0.9),BF15-0.1,BF15))*10) -> 5 | G15: 95 | H15: =IF(BH15="","",IF(ROUNDUP((BH15/100)*IF(BJ15>100,RIGHT(BJ15,2),BJ15)*250*4/60*2/IF(BK15>=10,10,1),0)>15,15,ROUNDUP((BH15/100)*IF(BJ15>100,RIGHT(BJ15,2),BJ15)*250*4/60*2/IF(BK15>=10,10,1),0))) -> 8 | I15: =IF(BI15="","",ROUND(BI15*10/80,0)) -> 3 | J15: =IF(BJ15="","",IF(BJ15>100,100+IF(RIGHT(BJ15,1)*25>=100,80,RIGHT(BJ15,1)*25),IF(RIGHT(BJ15,1)*25>=100,80,RIGHT(BJ15,1)*25))) -> 50 | K15: =TEXT(IF(W15=0,"",IF(BK15>=10,LEFT(BK15,1),0)&IF(V15>=0.06,3,0)),"00") -> 00 | L15: 63 | M15: 0 | N15: 10 | O15: 10 | P15: 0 | Q15: + | R15: 22 | S15: 15 | T15: 3 | U15: 2 | V15: 0.035 | W15: 0.0224 | X15: 24 | Y15: 0 | Z15: T | AB15: 0.8 | AC15: 1 | AD15: 1 | AE15: 1 | AF15: 1 | AG15: 0.5 | AH15: 0 | BA15: 3 | BB15: 2 | BC15: 5 | BD15: 10 | BE15: 0 | BF15: 0.4 | BG15: 95 | BH15: 12 | BI15: 25 | BJ15: 2 | BK15: 0 | BL15: 63 | BM15: 0 | BN15: 10 | BO15: 10 | BP15: 0 | BQ15: + | BR15: 22 | BS15: 15 | BT15: 3 | BU15: 2 | BV15: 0.035 | BW15: 0.0224 | BX15: 24 | BY15: 0 | BZ15: T | CB15: 0.8 | CC15: 1 | CD15: 1 | CE15: 1 | CF15: 1 | CG15: 0.5 | CH15: 0
A16: 4 | B16: 1 | C16: 1 | D16: 5 | E16: 0 | F16: =IF(BF16="","",IF(OR(ROUND(MOD(BF16,1),1)=0.2,ROUND(MOD(BF16,1),1)=0.4,ROUND(MOD(BF16,1),1)=0.7),BF16+0.1,IF(OR(ROUND(MOD(BF16,1),1)=0.1,ROUND(MOD(BF16,1),1)=0.6,ROUND(MOD(BF16,1),1)=0.9),BF16-0.1,BF16))*10) -> 10 | G16: 95 | H16: =IF(BH16="","",IF(ROUNDUP((BH16/100)*IF(BJ16>100,RIGHT(BJ16,2),BJ16)*250*4/60*2/IF(BK16>=10,10,1),0)>15,15,ROUNDUP((BH16/100)*IF(BJ16>100,RIGHT(BJ16,2),BJ16)*250*4/60*2/IF(BK16>=10,10,1),0))) -> 8 | I16: =IF(BI16="","",ROUND(BI16*10/80,0)) -> 5 | J16: =IF(BJ16="","",IF(BJ16>100,100+IF(RIGHT(BJ16,1)*25>=100,80,RIGHT(BJ16,1)*25),IF(RIGHT(BJ16,1)*25>=100,80,RIGHT(BJ16,1)*25))) -> 50 | K16: =TEXT(IF(W16=0,"",IF(BK16>=10,LEFT(BK16,1),0)&IF(V16>=0.06,3,0)),"00") -> 00 | L16: 63 | M16: 0 | N16: 40 | O16: 10 | P16: 1 | Q16: - | R16: 22 | S16: 30 | T16: 3 | U16: 2 | V16: 0.017 | W16: 0.01 | X16: 24 | Y16: 0 | Z16: T | AB16: 0.5 | AC16: 1 | AD16: 1 | AE16: 1 | AF16: 1 | AG16: 0.5 | AH16: 0 | BA16: 4 | BB16: 1 | BC16: 1 | BD16: 5 | BE16: 0 | BF16: 1 | BG16: 95 | BH16: 12 | BI16: 40 | BJ16: 2 | BK16: 0 | BL16: 63 | BM16: 0 | BN16: 40 | BO16: 10 | BP16: 1 | BQ16: - | BR16: 22 | BS16: 30 | BT16: 3 | BU16: 2 | BV16: 0.017 | BW16: 0.01 | BX16: 24 | BY16: 0 | BZ16: T | CB16: 0.5 | CC16: 1 | CD16: 1 | CE16: 1 | CF16: 1 | CG16: 0.5 | CH16: 0
F17: =IF(BF17="","",IF(OR(ROUND(MOD(BF17,1),1)=0.2,ROUND(MOD(BF17,1),1)=0.4,ROUND(MOD(BF17,1),1)=0.7),BF17+0.1,IF(OR(ROUND(MOD(BF17,1),1)=0.1,ROUND(MOD(BF17,1),1)=0.6,ROUND(MOD(BF17,1),1)=0.9),BF17-0.1,BF17))*10) | H17: =IF(BH17="","",IF(ROUNDUP((BH17/100)*IF(BJ17>100,RIGHT(BJ17,2),BJ17)*250*4/60*2/IF(BK17>=10,10,1),0)>15,15,ROUNDUP((BH17/100)*IF(BJ17>100,RIGHT(BJ17,2),BJ17)*250*4/60*2/IF(BK17>=10,10,1),0))) | I17: =IF(BI17="","",ROUND(BI17*10/80,0)) | J17: =IF(BJ17="","",IF(BJ17>100,100+IF(RIGHT(BJ17,1)*25>=100,80,RIGHT(BJ17,1)*25),IF(RIGHT(BJ17,1)*25>=100,80,RIGHT(BJ17,1)*25))) | K17: =TEXT(IF(W17=0,"",IF(BK17>=10,LEFT(BK17,1),0)&IF(V17>=0.06,3,0)),"00") | BK17: 0
F18: =IF(BF18="","",IF(OR(ROUND(MOD(BF18,1),1)=0.2,ROUND(MOD(BF18,1),1)=0.4,ROUND(MOD(BF18,1),1)=0.7),BF18+0.1,IF(OR(ROUND(MOD(BF18,1),1)=0.1,ROUND(MOD(BF18,1),1)=0.6,ROUND(MOD(BF18,1),1)=0.9),BF18-0.1,BF18))*10) | H18: =IF(BH18="","",IF(ROUNDUP((BH18/100)*IF(BJ18>100,RIGHT(BJ18,2),BJ18)*250*4/60*2/IF(BK18>=10,10,1),0)>15,15,ROUNDUP((BH18/100)*IF(BJ18>100,RIGHT(BJ18,2),BJ18)*250*4/60*2/IF(BK18>=10,10,1),0))) | I18: =IF(BI18="","",ROUND(BI18*10/80,0)) | J18: =IF(BJ18="","",IF(BJ18>100,100+IF(RIGHT(BJ18,1)*25>=100,80,RIGHT(BJ18,1)*25),IF(RIGHT(BJ18,1)*25>=100,80,RIGHT(BJ18,1)*25))) | K18: =TEXT(IF(W18=0,"",IF(BK18>=10,LEFT(BK18,1),0)&IF(V18>=0.06,3,0)),"00") | BK18: 0
A19: 2 | B19: 2 | C19: 12 | D19: 12 | E19: 0 | F19: =IF(BF19="","",IF(OR(ROUND(MOD(BF19,1),1)=0.2,ROUND(MOD(BF19,1),1)=0.4,ROUND(MOD(BF19,1),1)=0.7),BF19+0.1,IF(OR(ROUND(MOD(BF19,1),1)=0.1,ROUND(MOD(BF19,1),1)=0.6,ROUND(MOD(BF19,1),1)=0.9),BF19-0.1,BF19))*10) -> 8 | G19: 75 | H19: =IF(BH19="","",IF(ROUNDUP((BH19/100)*IF(BJ19>100,RIGHT(BJ19,2),BJ19)*250*4/60*2/IF(BK19>=10,10,1),0)>15,15,ROUNDUP((BH19/100)*IF(BJ19>100,RIGHT(BJ19,2),BJ19)*250*4/60*2/IF(BK19>=10,10,1),0))) -> 8 | I19: =IF(BI19="","",ROUND(BI19*10/80,0)) -> 3 | J19: =IF(BJ19="","",IF(BJ19>100,100+IF(RIGHT(BJ19,1)*25>=100,80,RIGHT(BJ19,1)*25),IF(RIGHT(BJ19,1)*25>=100,80,RIGHT(BJ19,1)*25))) -> 50 | K19: =TEXT(IF(W19=0,"",IF(BK19>=10,LEFT(BK19,1),0)&IF(V19>=0.06,3,0)),"00") -> 00 | L19: 63 | M19: 0 | N19: 40 | O19: 0 | P19: 0 | Q19: + | R19: 21 | S19: 15 | T19: 3 | U19: 2 | V19: 0.045 | W19: 0.0297 | X19: 24 | Y19: 0 | Z19: T | AB19: 1.12 | AC19: 1 | AD19: 1 | AE19: 1 | AF19: 1 | AG19: 0.8 | AH19: 0 | BA19: 2 | BB19: 2 | BC19: 12 | BD19: 12 | BE19: 0 | BF19: 0.7 | BG19: 75 | BH19: 12 | BI19: 25 | BJ19: 2 | BK19: 0 | BL19: 63 | BM19: 0 | BN19: 40 | BO19: 0 | BP19: 0 | BQ19: + | BR19: 21 | BS19: 15 | BT19: 3 | BU19: 2 | BV19: 0.045 | BW19: 0.0297 | BX19: 24 | BY19: 0 | BZ19: T | CB19: 1.12 | CC19: 1 | CD19: 1 | CE19: 1 | CF19: 1 | CG19: 0.8 | CH19: 0
A20: 3 | B20: 1 | C20: 5 | D20: 10 | E20: 0 | F20: =IF(BF20="","",IF(OR(ROUND(MOD(BF20,1),1)=0.2,ROUND(MOD(BF20,1),1)=0.4,ROUND(MOD(BF20,1),1)=0.7),BF20+0.1,IF(OR(ROUND(MOD(BF20,1),1)=0.1,ROUND(MOD(BF20,1),1)=0.6,ROUND(MOD(BF20,1),1)=0.9),BF20-0.1,BF20))*10) -> 5 | G20: 75 | H20: =IF(BH20="","",IF(ROUNDUP((BH20/100)*IF(BJ20>100,RIGHT(BJ20,2),BJ20)*250*4/60*2/IF(BK20>=10,10,1),0)>15,15,ROUNDUP((BH20/100)*IF(BJ20>100,RIGHT(BJ20,2),BJ20)*250*4/60*2/IF(BK20>=10,10,1),0))) -> 8 | I20: =IF(BI20="","",ROUND(BI20*10/80,0)) -> 3 | J20: =IF(BJ20="","",IF(BJ20>100,100+IF(RIGHT(BJ20,1)*25>=100,80,RIGHT(BJ20,1)*25),IF(RIGHT(BJ20,1)*25>=100,80,RIGHT(BJ20,1)*25))) -> 50 | K20: =TEXT(IF(W20=0,"",IF(BK20>=10,LEFT(BK20,1),0)&IF(V20>=0.06,3,0)),"00") -> 00 | L20: 63 | M20: 0 | N20: 0 | O20: 10 | P20: 0 | Q20: + | R20: 22 | S20: 15 | T20: 3 | U20: 2 | V20: 0.024 | W20: 0.018 | X20: 24 | Y20: 0 | Z20: T | AB20: 0.8 | AC20: 1 | AD20: 1 | AE20: 1 | AF20: 1 | AG20: 0.8 | AH20: 0 | BA20: 3 | BB20: 1 | BC20: 5 | BD20: 10 | BE20: 0 | BF20: 0.4 | BG20: 75 | BH20: 12 | BI20: 25 | BJ20: 2 | BK20: 0 | BL20: 63 | BM20: 0 | BN20: 0 | BO20: 10 | BP20: 0 | BQ20: + | BR20: 22 | BS20: 15 | BT20: 3 | BU20: 2 | BV20: 0.024 | BW20: 0.018 | BX20: 24 | BY20: 0 | BZ20: T | CB20: 0.8 | CC20: 1 | CD20: 1 | CE20: 1 | CF20: 1 | CG20: 0.8 | CH20: 0
F21: =IF(BF21="","",IF(OR(ROUND(MOD(BF21,1),1)=0.2,ROUND(MOD(BF21,1),1)=0.4,ROUND(MOD(BF21,1),1)=0.7),BF21+0.1,IF(OR(ROUND(MOD(BF21,1),1)=0.1,ROUND(MOD(BF21,1),1)=0.6,ROUND(MOD(BF21,1),1)=0.9),BF21-0.1,BF21))*10) | H21: =IF(BH21="","",IF(ROUNDUP((BH21/100)*IF(BJ21>100,RIGHT(BJ21,2),BJ21)*250*4/60*2/IF(BK21>=10,10,1),0)>15,15,ROUNDUP((BH21/100)*IF(BJ21>100,RIGHT(BJ21,2),BJ21)*250*4/60*2/IF(BK21>=10,10,1),0))) | I21: =IF(BI21="","",ROUND(BI21*10/80,0)) | J21: =IF(BJ21="","",IF(BJ21>100,100+IF(RIGHT(BJ21,1)*25>=100,80,RIGHT(BJ21,1)*25),IF(RIGHT(BJ21,1)*25>=100,80,RIGHT(BJ21,1)*25))) | K21: =TEXT(IF(W21=0,"",IF(BK21>=10,LEFT(BK21,1),0)&IF(V21>=0.06,3,0)),"00")
F22: =IF(BF22="","",IF(OR(ROUND(MOD(BF22,1),1)=0.2,ROUND(MOD(BF22,1),1)=0.4,ROUND(MOD(BF22,1),1)=0.7),BF22+0.1,IF(OR(ROUND(MOD(BF22,1),1)=0.1,ROUND(MOD(BF22,1),1)=0.6,ROUND(MOD(BF22,1),1)=0.9),BF22-0.1,BF22))*10) | H22: =IF(BH22="","",IF(ROUNDUP((BH22/100)*IF(BJ22>100,RIGHT(BJ22,2),BJ22)*250*4/60*2/IF(BK22>=10,10,1),0)>15,15,ROUNDUP((BH22/100)*IF(BJ22>100,RIGHT(BJ22,2),BJ22)*250*4/60*2/IF(BK22>=10,10,1),0))) | I22: =IF(BI22="","",ROUND(BI22*10/80,0)) | J22: =IF(BJ22="","",IF(BJ22>100,100+IF(RIGHT(BJ22,1)*25>=100,80,RIGHT(BJ22,1)*25),IF(RIGHT(BJ22,1)*25>=100,80,RIGHT(BJ22,1)*25))) | K22: =TEXT(IF(W22=0,"",IF(BK22>=10,LEFT(BK22,1),0)&IF(V22>=0.06,3,0)),"00")
A23: 2 | B23: 1 | C23: 12 | D23: 12 | E23: 0 | F23: =IF(BF23="","",IF(OR(ROUND(MOD(BF23,1),1)=0.2,ROUND(MOD(BF23,1),1)=0.4,ROUND(MOD(BF23,1),1)=0.7),BF23+0.1,IF(OR(ROUND(MOD(BF23,1),1)=0.1,ROUND(MOD(BF23,1),1)=0.6,ROUND(MOD(BF23,1),1)=0.9),BF23-0.1,BF23))*10) -> 8 | G23: 75 | H23: =IF(BH23="","",IF(ROUNDUP((BH23/100)*IF(BJ23>100,RIGHT(BJ23,2),BJ23)*250*4/60*2/IF(BK23>=10,10,1),0)>15,15,ROUNDUP((BH23/100)*IF(BJ23>100,RIGHT(BJ23,2),BJ23)*250*4/60*2/IF(BK23>=10,10,1),0))) -> 8 | I23: =IF(BI23="","",ROUND(BI23*10/80,0)) -> 3 | J23: =IF(BJ23="","",IF(BJ23>100,100+IF(RIGHT(BJ23,1)*25>=100,80,RIGHT(BJ23,1)*25),IF(RIGHT(BJ23,1)*25>=100,80,RIGHT(BJ23,1)*25))) -> 50 | K23: =TEXT(IF(W23=0,"",IF(BK23>=10,LEFT(BK23,1),0)&IF(V23>=0.06,3,0)),"00") -> 00 | L23: 63 | M23: 0 | N23: 40 | O23: 0 | P23: 0 | Q23: + | R23: 21 | S23: 15 | T23: 3 | U23: 2 | V23: 0.038 | W23: 0.023 | X23: 24 | Y23: 0 | Z23: T | AB23: 1.12 | AC23: 1 | AD23: 1 | AE23: 1 | AF23: 1 | AG23: 1.12 | AH23: 0 | BA23: 2 | BB23: 1 | BC23: 12 | BD23: 12 | BE23: 0 | BF23: 0.7 | BG23: 75 | BH23: 12 | BI23: 25 | BJ23: 2 | BK23: 0 | BL23: 63 | BM23: 0 | BN23: 40 | BO23: 0 | BP23: 0 | BQ23: + | BR23: 21 | BS23: 15 | BT23: 3 | BU23: 2 | BV23: 0.038 | BW23: 0.023 | BX23: 24 | BY23: 0 | BZ23: T | CB23: 1.12 | CC23: 1 | CD23: 1 | CE23: 1 | CF23: 1 | CG23: 1.12 | CH23: 0
F24: =IF(BF24="","",IF(OR(ROUND(MOD(BF24,1),1)=0.2,ROUND(MOD(BF24,1),1)=0.4,ROUND(MOD(BF24,1),1)=0.7),BF24+0.1,IF(OR(ROUND(MOD(BF24,1),1)=0.1,ROUND(MOD(BF24,1),1)=0.6,ROUND(MOD(BF24,1),1)=0.9),BF24-0.1,BF24))*10) | H24: =IF(BH24="","",IF(ROUNDUP((BH24/100)*IF(BJ24>100,RIGHT(BJ24,2),BJ24)*250*4/60*2/IF(BK24>=10,10,1),0)>15,15,ROUNDUP((BH24/100)*IF(BJ24>100,RIGHT(BJ24,2),BJ24)*250*4/60*2/IF(BK24>=10,10,1),0))) | I24: =IF(BI24="","",ROUND(BI24*10/80,0)) | J24: =IF(BJ24="","",IF(BJ24>100,100+IF(RIGHT(BJ24,1)*25>=100,80,RIGHT(BJ24,1)*25),IF(RIGHT(BJ24,1)*25>=100,80,RIGHT(BJ24,1)*25))) | K24: =TEXT(IF(W24=0,"",IF(BK24>=10,LEFT(BK24,1),0)&IF(V24>=0.06,3,0)),"00")
F25: =IF(BF25="","",IF(OR(ROUND(MOD(BF25,1),1)=0.2,ROUND(MOD(BF25,1),1)=0.4,ROUND(MOD(BF25,1),1)=0.7),BF25+0.1,IF(OR(ROUND(MOD(BF25,1),1)=0.1,ROUND(MOD(BF25,1),1)=0.6,ROUND(MOD(BF25,1),1)=0.9),BF25-0.1,BF25))*10) | H25: =IF(BH25="","",IF(ROUNDUP((BH25/100)*IF(BJ25>100,RIGHT(BJ25,2),BJ25)*250*4/60*2/IF(BK25>=10,10,1),0)>15,15,ROUNDUP((BH25/100)*IF(BJ25>100,RIGHT(BJ25,2),BJ25)*250*4/60*2/IF(BK25>=10,10,1),0))) | I25: =IF(BI25="","",ROUND(BI25*10/80,0)) | J25: =IF(BJ25="","",IF(BJ25>100,100+IF(RIGHT(BJ25,1)*25>=100,80,RIGHT(BJ25,1)*25),IF(RIGHT(BJ25,1)*25>=100,80,RIGHT(BJ25,1)*25))) | K25: =TEXT(IF(W25=0,"",IF(BK25>=10,LEFT(BK25,1),0)&IF(V25>=0.06,3,0)),"00")
A26: 2 | B26: 8 | C26: 60 | D26: 30 | E26: 0 | F26: =IF(BF26="","",IF(OR(ROUND(MOD(BF26,1),1)=0.2,ROUND(MOD(BF26,1),1)=0.4,ROUND(MOD(BF26,1),1)=0.7),BF26+0.1,IF(OR(ROUND(MOD(BF26,1),1)=0.1,ROUND(MOD(BF26,1),1)=0.6,ROUND(MOD(BF26,1),1)=0.9),BF26-0.1,BF26))*10) -> 23 | G26: 65 | H26: =IF(BH26="","",IF(ROUNDUP((BH26/100)*IF(BJ26>100,RIGHT(BJ26,2),BJ26)*250*4/60*2/IF(BK26>=10,10,1),0)>15,15,ROUNDUP((BH26/100)*IF(BJ26>100,RIGHT(BJ26,2),BJ26)*250*4/60*2/IF(BK26>=10,10,1),0))) -> 15 | I26: =IF(BI26="","",ROUND(BI26*10/80,0)) -> 4 | J26: =IF(BJ26="","",IF(BJ26>100,100+IF(RIGHT(BJ26,1)*25>=100,80,RIGHT(BJ26,1)*25),IF(RIGHT(BJ26,1)*25>=100,80,RIGHT(BJ26,1)*25))) -> 80 | K26: =TEXT(IF(W26=0,"",IF(BK26>=10,LEFT(BK26,1),0)&IF(V26>=0.06,3,0)),"00") -> 03 | L26: 52 | M26: 0 | N26: 0 | O26: 1 | P26: 0 | Q26: + | R26: 11 | S26: 10 | T26: 2 | U26: 2 | V26: 0.103 | W26: 0.071 | X26: 24 | Y26: 0 | Z26: T | AB26: 0 | AC26: 1 | AD26: 3 | AE26: 1 | AF26: 1 | AG26: 0.07 | AH26: 0 | BA26: 2 | BB26: 8 | BC26: 60 | BD26: 30 | BE26: 0 | BF26: 2.3 | BG26: 65 | BH26: 12 | BI26: 30 | BJ26: 5 | BK26: 0 | BL26: 52 | BM26: 0 | BN26: 0 | BO26: 1 | BP26: 0 | BQ26: + | BR26: 11 | BS26: 10 | BT26: 2 | BU26: 2 | BV26: 0.103 | BW26: 0.071 | BX26: 24 | BY26: 0 | BZ26: T | CB26: 0 | CC26: 1 | CD26: 3 | CE26: 1 | CF26: 1 | CG26: 0.07 | CH26: 0
A27: 3 | B27: 7 | C27: 35 | D27: 20 | E27: 0 | F27: =IF(BF27="","",IF(OR(ROUND(MOD(BF27,1),1)=0.2,ROUND(MOD(BF27,1),1)=0.4,ROUND(MOD(BF27,1),1)=0.7),BF27+0.1,IF(OR(ROUND(MOD(BF27,1),1)=0.1,ROUND(MOD(BF27,1),1)=0.6,ROUND(MOD(BF27,1),1)=0.9),BF27-0.1,BF27))*10) -> 13 | G27: 65 | H27: =IF(BH27="","",IF(ROUNDUP((BH27/100)*IF(BJ27>100,RIGHT(BJ27,2),BJ27)*250*4/60*2/IF(BK27>=10,10,1),0)>15,15,ROUNDUP((BH27/100)*IF(BJ27>100,RIGHT(BJ27,2),BJ27)*250*4/60*2/IF(BK27>=10,10,1),0))) -> 15 | I27: =IF(BI27="","",ROUND(BI27*10/80,0)) -> 4 | J27: =IF(BJ27="","",IF(BJ27>100,100+IF(RIGHT(BJ27,1)*25>=100,80,RIGHT(BJ27,1)*25),IF(RIGHT(BJ27,1)*25>=100,80,RIGHT(BJ27,1)*25))) -> 75 | K27: =TEXT(IF(W27=0,"",IF(BK27>=10,LEFT(BK27,1),0)&IF(V27>=0.06,3,0)),"00") -> 03 | L27: 63 | M27: 0 | N27: 40 | O27: 0 | P27: 0 | Q27: + | R27: 11 | S27: 10 | T27: 2 | U27: 2 | V27: 0.079 | W27: 0.053 | X27: 24 | Y27: 0 | Z27: T | AB27: 2 | AC27: 1 | AD27: 3 | AE27: 1 | AF27: 1 | AG27: 0.07 | AH27: 0 | BA27: 3 | BB27: 7 | BC27: 35 | BD27: 20 | BE27: 0 | BF27: 1.3 | BG27: 65 | BH27: 15 | BI27: 30 | BJ27: 3 | BK27: 0 | BL27: 63 | BM27: 0 | BN27: 40 | BO27: 0 | BP27: 0 | BQ27: + | BR27: 11 | BS27: 10 | BT27: 2 | BU27: 2 | BV27: 0.079 | BW27: 0.053 | BX27: 24 | BY27: 0 | BZ27: T | CB27: 2 | CC27: 1 | CD27: 3 | CE27: 1 | CF27: 1 | CG27: 0.07 | CH27: 0
A28: 4 | B28: 6 | C28: 12 | D28: 12 | E28: 0 | F28: =IF(BF28="","",IF(OR(ROUND(MOD(BF28,1),1)=0.2,ROUND(MOD(BF28,1),1)=0.4,ROUND(MOD(BF28,1),1)=0.7),BF28+0.1,IF(OR(ROUND(MOD(BF28,1),1)=0.1,ROUND(MOD(BF28,1),1)=0.6,ROUND(MOD(BF28,1),1)=0.9),BF28-0.1,BF28))*10) -> 5 | G28: 100 | H28: =IF(BH28="","",IF(ROUNDUP((BH28/100)*IF(BJ28>100,RIGHT(BJ28,2),BJ28)*250*4/60*2/IF(BK28>=10,10,1),0)>15,15,ROUNDUP((BH28/100)*IF(BJ28>100,RIGHT(BJ28,2),BJ28)*250*4/60*2/IF(BK28>=10,10,1),0))) -> 11 | I28: =IF(BI28="","",ROUND(BI28*10/80,0)) -> 4 | J28: =IF(BJ28="","",IF(BJ28>100,100+IF(RIGHT(BJ28,1)*25>=100,80,RIGHT(BJ28,1)*25),IF(RIGHT(BJ28,1)*25>=100,80,RIGHT(BJ28,1)*25))) -> 50 | K28: =TEXT(IF(W28=0,"",IF(BK28>=10,LEFT(BK28,1),0)&IF(V28>=0.06,3,0)),"00") -> 03 | L28: 63 | M28: 0 | N28: 40 | O28: 0 | P28: 0 | Q28: + | R28: 21 | S28: 10 | T28: 2 | U28: 2 | V28: 0.061 | W28: 0.041 | X28: 24 | Y28: 0 | Z28: T | AB28: 1.12 | AC28: 1 | AD28: 3 | AE28: 1 | AF28: 1 | AG28: 0.07 | AH28: 0 | BA28: 4 | BB28: 6 | BC28: 12 | BD28: 12 | BE28: 0 | BF28: 0.6 | BG28: 100 | BH28: 16 | BI28: 35 | BJ28: 2 | BK28: 0 | BL28: 63 | BM28: 0 | BN28: 40 | BO28: 0 | BP28: 0 | BQ28: + | BR28: 21 | BS28: 10 | BT28: 2 | BU28: 2 | BV28: 0.061 | BW28: 0.041 | BX28: 24 | BY28: 0 | BZ28: T | CB28: 1.12 | CC28: 1 | CD28: 3 | CE28: 1 | CF28: 1 | CG28: 0.07 | CH28: 0
A29: 5 | B29: 5 | C29: 7 | D29: 12 | E29: 0 | F29: =IF(BF29="","",IF(OR(ROUND(MOD(BF29,1),1)=0.2,ROUND(MOD(BF29,1),1)=0.4,ROUND(MOD(BF29,1),1)=0.7),BF29+0.1,IF(OR(ROUND(MOD(BF29,1),1)=0.1,ROUND(MOD(BF29,1),1)=0.6,ROUND(MOD(BF29,1),1)=0.9),BF29-0.1,BF29))*10) -> 5 | G29: 100 | H29: =IF(BH29="","",IF(ROUNDUP((BH29/100)*IF(BJ29>100,RIGHT(BJ29,2),BJ29)*250*4/60*2/IF(BK29>=10,10,1),0)>15,15,ROUNDUP((BH29/100)*IF(BJ29>100,RIGHT(BJ29,2),BJ29)*250*4/60*2/IF(BK29>=10,10,1),0))) -> 11 | I29: =IF(BI29="","",ROUND(BI29*10/80,0)) -> 5 | J29: =IF(BJ29="","",IF(BJ29>100,100+IF(RIGHT(BJ29,1)*25>=100,80,RIGHT(BJ29,1)*25),IF(RIGHT(BJ29,1)*25>=100,80,RIGHT(BJ29,1)*25))) -> 50 | K29: =TEXT(IF(W29=0,"",IF(BK29>=10,LEFT(BK29,1),0)&IF(V29>=0.06,3,0)),"00") -> 00 | L29: 63 | M29: 0 | N29: 0 | O29: 0 | P29: 0 | Q29: + | R29: 21 | S29: 10 | T29: 2 | U29: 2 | V29: 0.047 | W29: 0.031 | X29: 24 | Y29: 0 | Z29: T | AB29: 0.8 | AC29: 1 | AD29: 3 | AE29: 1 | AF29: 1 | AG29: 0.07 | AH29: 0 | BA29: 5 | BB29: 5 | BC29: 7 | BD29: 12 | BE29: 0 | BF29: 0.4 | BG29: 100 | BH29: 16 | BI29: 40 | BJ29: 2 | BK29: 0 | BL29: 63 | BM29: 0 | BN29: 0 | BO29: 0 | BP29: 0 | BQ29: + | BR29: 21 | BS29: 10 | BT29: 2 | BU29: 2 | BV29: 0.047 | BW29: 0.031 | BX29: 24 | BY29: 0 | BZ29: T | CB29: 0.8 | CC29: 1 | CD29: 3 | CE29: 1 | CF29: 1 | CG29: 0.07 | CH29: 0
A30: 6 | B30: 4 | C30: 4 | D30: 10 | E30: 0 | F30: =IF(BF30="","",IF(OR(ROUND(MOD(BF30,1),1)=0.2,ROUND(MOD(BF30,1),1)=0.4,ROUND(MOD(BF30,1),1)=0.7),BF30+0.1,IF(OR(ROUND(MOD(BF30,1),1)=0.1,ROUND(MOD(BF30,1),1)=0.6,ROUND(MOD(BF30,1),1)=0.9),BF30-0.1,BF30))*10) -> 3 | G30: 100 | H30: =IF(BH30="","",IF(ROUNDUP((BH30/100)*IF(BJ30>100,RIGHT(BJ30,2),BJ30)*250*4/60*2/IF(BK30>=10,10,1),0)>15,15,ROUNDUP((BH30/100)*IF(BJ30>100,RIGHT(BJ30,2),BJ30)*250*4/60*2/IF(BK30>=10,10,1),0))) -> 7 | I30: =IF(BI30="","",ROUND(BI30*10/80,0)) -> 5 | J30: =IF(BJ30="","",IF(BJ30>100,100+IF(RIGHT(BJ30,1)*25>=100,80,RIGHT(BJ30,1)*25),IF(RIGHT(BJ30,1)*25>=100,80,RIGHT(BJ30,1)*25))) -> 25 | K30: =TEXT(IF(W30=0,"",IF(BK30>=10,LEFT(BK30,1),0)&IF(V30>=0.06,3,0)),"00") -> 00 | L30: 63 | M30: 0 | N30: 0 | O30: 0 | P30: 0 | Q30: + | R30: 21 | S30: 10 | T30: 2 | U30: 2 | V30: 0.037 | W30: 0.025 | X30: 24 | Y30: 0 | Z30: T | AB30: 0.5 | AC30: 1 | AD30: 3 | AE30: 1 | AF30: 1 | AG30: 0.07 | AH30: 0 | BA30: 6 | BB30: 4 | BC30: 4 | BD30: 10 | BE30: 0 | BF30: 0.2 | BG30: 100 | BH30: 20 | BI30: 40 | BJ30: 1 | BK30: 0 | BL30: 63 | BM30: 0 | BN30: 0 | BO30: 0 | BP30: 0 | BQ30: + | BR30: 21 | BS30: 10 | BT30: 2 | BU30: 2 | BV30: 0.037 | BW30: 0.025 | BX30: 24 | BY30: 0 | BZ30: T | CB30: 0.5 | CC30: 1 | CD30: 3 | CE30: 1 | CF30: 1 | CG30: 0.07 | CH30: 0
A31: 7 | B31: 803 | C31: 1 | D31: 9 | E31: 0 | F31: =IF(BF31="","",IF(OR(ROUND(MOD(BF31,1),1)=0.2,ROUND(MOD(BF31,1),1)=0.4,ROUND(MOD(BF31,1),1)=0.7),BF31+0.1,IF(OR(ROUND(MOD(BF31,1),1)=0.1,ROUND(MOD(BF31,1),1)=0.6,ROUND(MOD(BF31,1),1)=0.9),BF31-0.1,BF31))*10) -> 5 | G31: 110 | H31: =IF(BH31="","",IF(ROUNDUP((BH31/100)*IF(BJ31>100,RIGHT(BJ31,2),BJ31)*250*4/60*2/IF(BK31>=10,10,1),0)>15,15,ROUNDUP((BH31/100)*IF(BJ31>100,RIGHT(BJ31,2),BJ31)*250*4/60*2/IF(BK31>=10,10,1),0))) -> 7 | I31: =IF(BI31="","",ROUND(BI31*10/80,0)) -> 5 | J31: =IF(BJ31="","",IF(BJ31>100,100+IF(RIGHT(BJ31,1)*25>=100,80,RIGHT(BJ31,1)*25),IF(RIGHT(BJ31,1)*25>=100,80,RIGHT(BJ31,1)*25))) -> 25 | K31: =TEXT(IF(W31=0,"",IF(BK31>=10,LEFT(BK31,1),0)&IF(V31>=0.06,3,0)),"00") -> 00 | L31: 73 | M31: 0 | N31: 0 | O31: 0 | P31: 1 | Q31: - | R31: 21 | S31: 30 | T31: 3 | U31: 2 | V31: 0.02 | W31: 0.025 | X31: 24 | Y31: 13 | Z31: Z | AA31: 157 | AB31: 0.32 | AC31: 1 | AD31: 3 | AE31: 1 | AF31: 1 | AG31: 0.07 | AH31: 0 | BA31: 7 | BB31: 803 | BC31: 1 | BD31: 9 | BE31: 0 | BF31: 0.4 | BG31: 110 | BH31: 20 | BI31: 40 | BJ31: 1 | BK31: 0 | BL31: 73 | BM31: 0 | BN31: 0 | BO31: 0 | BP31: 1 | BQ31: - | BR31: 21 | BS31: 30 | BT31: 3 | BU31: 2 | BV31: 0.02 | BW31: 0.025 | BX31: 24 | BY31: 13 | BZ31: Z | CA31: 157 | CB31: 0.32 | CC31: 1 | CD31: 3 | CE31: 1 | CF31: 1 | CG31: 0.07 | CH31: 0
A32: 8 | B32: 803 | C32: 1 | D32: 9 | E32: 0 | F32: =IF(BF32="","",IF(OR(ROUND(MOD(BF32,1),1)=0.2,ROUND(MOD(BF32,1),1)=0.4,ROUND(MOD(BF32,1),1)=0.7),BF32+0.1,IF(OR(ROUND(MOD(BF32,1),1)=0.1,ROUND(MOD(BF32,1),1)=0.6,ROUND(MOD(BF32,1),1)=0.9),BF32-0.1,BF32))*10) -> 5 | G32: 110 | H32: =IF(BH32="","",IF(ROUNDUP((BH32/100)*IF(BJ32>100,RIGHT(BJ32,2),BJ32)*250*4/60*2/IF(BK32>=10,10,1),0)>15,15,ROUNDUP((BH32/100)*IF(BJ32>100,RIGHT(BJ32,2),BJ32)*250*4/60*2/IF(BK32>=10,10,1),0))) -> 7 | I32: =IF(BI32="","",ROUND(BI32*10/80,0)) -> 5 | J32: =IF(BJ32="","",IF(BJ32>100,100+IF(RIGHT(BJ32,1)*25>=100,80,RIGHT(BJ32,1)*25),IF(RIGHT(BJ32,1)*25>=100,80,RIGHT(BJ32,1)*25))) -> 25 | K32: =TEXT(IF(W32=0,"",IF(BK32>=10,LEFT(BK32,1),0)&IF(V32>=0.06,3,0)),"00") -> 00 | L32: 73 | M32: 0 | N32: 0 | O32: 0 | P32: 1 | Q32: - | R32: 21 | S32: 30 | T32: 3 | U32: 2 | V32: 0.028 | W32: 0.014 | X32: 24 | Y32: 10 | Z32: Z | AA32: 200 | AB32: 0.32 | AC32: 1 | AD32: 3 | AE32: 1 | AF32: 1 | AG32: 0.07 | AH32: 0 | BA32: 8 | BB32: 803 | BC32: 1 | BD32: 9 | BE32: 0 | BF32: 0.4 | BG32: 110 | BH32: 20 | BI32: 40 | BJ32: 1 | BK32: 0 | BL32: 73 | BM32: 0 | BN32: 0 | BO32: 0 | BP32: 1 | BQ32: - | BR32: 21 | BS32: 30 | BT32: 3 | BU32: 2 | BV32: 0.028 | BW32: 0.014 | BX32: 24 | BY32: 10 | BZ32: Z | CA32: 200 | CB32: 0.32 | CC32: 1 | CD32: 3 | CE32: 1 | CF32: 1 | CG32: 0.07 | CH32: 0
A33: 9 | B33: 802 | C33: 0 | D33: 4 | E33: 0 | F33: =IF(BF33="","",IF(OR(ROUND(MOD(BF33,1),1)=0.2,ROUND(MOD(BF33,1),1)=0.4,ROUND(MOD(BF33,1),1)=0.7),BF33+0.1,IF(OR(ROUND(MOD(BF33,1),1)=0.1,ROUND(MOD(BF33,1),1)=0.6,ROUND(MOD(BF33,1),1)=0.9),BF33-0.1,BF33))*10) -> 5 | G33: 110 | H33: =IF(BH33="","",IF(ROUNDUP((BH33/100)*IF(BJ33>100,RIGHT(BJ33,2),BJ33)*250*4/60*2/IF(BK33>=10,10,1),0)>15,15,ROUNDUP((BH33/100)*IF(BJ33>100,RIGHT(BJ33,2),BJ33)*250*4/60*2/IF(BK33>=10,10,1),0))) -> 15 | I33: =IF(BI33="","",ROUND(BI33*10/80,0)) -> 6 | J33: =IF(BJ33="","",IF(BJ33>100,100+IF(RIGHT(BJ33,1)*25>=100,80,RIGHT(BJ33,1)*25),IF(RIGHT(BJ33,1)*25>=100,80,RIGHT(BJ33,1)*25))) -> 50 | K33: =TEXT(IF(W33=0,"",IF(BK33>=10,LEFT(BK33,1),0)&IF(V33>=0.06,3,0)),"00") -> 00 | L33: 85 | M33: 0 | N33: 0 | O33: 0 | P33: 0 | Q33: - | R33: 21 | S33: 30 | T33: 4 | U33: 2 | V33: 0.013 | W33: 0.023 | X33: 24 | Y33: 13 | Z33: Z | AA33: 157 | AB33: 0.14 | AC33: 1 | AD33: 3 | AE33: 1 | AF33: 1 | AG33: 0.07 | AH33: 0 | BA33: 9 | BB33: 802 | BC33: 0 | BD33: 4 | BE33: 0 | BF33: 0.4 | BG33: 110 | BH33: 40 | BI33: 50 | BJ33: 2 | BK33: 0 | BL33: 85 | BM33: 0 | BN33: 0 | BO33: 0 | BP33: 0 | BQ33: - | BR33: 21 | BS33: 30 | BT33: 4 | BU33: 2 | BV33: 0.013 | BW33: 0.023 | BX33: 24 | BY33: 13 | BZ33: Z | CA33: 157 | CB33: 0.14 | CC33: 1 | CD33: 3 | CE33: 1 | CF33: 1 | CG33: 0.07 | CH33: 0
A34: 10 | B34: 802 | C34: 0 | D34: 4 | E34: 0 | F34: =IF(BF34="","",IF(OR(ROUND(MOD(BF34,1),1)=0.2,ROUND(MOD(BF34,1),1)=0.4,ROUND(MOD(BF34,1),1)=0.7),BF34+0.1,IF(OR(ROUND(MOD(BF34,1),1)=0.1,ROUND(MOD(BF34,1),1)=0.6,ROUND(MOD(BF34,1),1)=0.9),BF34-0.1,BF34))*10) -> 5 | G34: 110 | H34: =IF(BH34="","",IF(ROUNDUP((BH34/100)*IF(BJ34>100,RIGHT(BJ34,2),BJ34)*250*4/60*2/IF(BK34>=10,10,1),0)>15,15,ROUNDUP((BH34/100)*IF(BJ34>100,RIGHT(BJ34,2),BJ34)*250*4/60*2/IF(BK34>=10,10,1),0))) -> 15 | I34: =IF(BI34="","",ROUND(BI34*10/80,0)) -> 6 | J34: =IF(BJ34="","",IF(BJ34>100,100+IF(RIGHT(BJ34,1)*25>=100,80,RIGHT(BJ34,1)*25),IF(RIGHT(BJ34,1)*25>=100,80,RIGHT(BJ34,1)*25))) -> 50 | K34: =TEXT(IF(W34=0,"",IF(BK34>=10,LEFT(BK34,1),0)&IF(V34>=0.06,3,0)),"00") -> 00 | L34: 85 | M34: 0 | N34: 0 | O34: 0 | P34: 0 | Q34: - | R34: 21 | S34: 30 | T34: 4 | U34: 2 | V34: 0.021 | W34: 0.01 | X34: 24 | Y34: 10 | Z34: Z | AA34: 200 | AB34: 0.14 | AC34: 1 | AD34: 3 | AE34: 1 | AF34: 1 | AG34: 0.07 | AH34: 0 | BA34: 10 | BB34: 802 | BC34: 0 | BD34: 4 | BE34: 0 | BF34: 0.4 | BG34: 110 | BH34: 40 | BI34: 50 | BJ34: 2 | BK34: 0 | BL34: 85 | BM34: 0 | BN34: 0 | BO34: 0 | BP34: 0 | BQ34: - | BR34: 21 | BS34: 30 | BT34: 4 | BU34: 2 | BV34: 0.021 | BW34: 0.01 | BX34: 24 | BY34: 10 | BZ34: Z | CA34: 200 | CB34: 0.14 | CC34: 1 | CD34: 3 | CE34: 1 | CF34: 1 | CG34: 0.07 | CH34: 0
A35: 11 | B35: 901 | C35: 2 | D35: 3 | E35: 0 | F35: =IF(BF35="","",IF(OR(ROUND(MOD(BF35,1),1)=0.2,ROUND(MOD(BF35,1),1)=0.4,ROUND(MOD(BF35,1),1)=0.7),BF35+0.1,IF(OR(ROUND(MOD(BF35,1),1)=0.1,ROUND(MOD(BF35,1),1)=0.6,ROUND(MOD(BF35,1),1)=0.9),BF35-0.1,BF35))*10) -> 3 | G35: 110 | H35: =IF(BH35="","",IF(ROUNDUP((BH35/100)*IF(BJ35>100,RIGHT(BJ35,2),BJ35)*250*4/60*2/IF(BK35>=10,10,1),0)>15,15,ROUNDUP((BH35/100)*IF(BJ35>100,RIGHT(BJ35,2),BJ35)*250*4/60*2/IF(BK35>=10,10,1),0))) -> 15 | I35: =IF(BI35="","",ROUND(BI35*10/80,0)) -> 8 | J35: =IF(BJ35="","",IF(BJ35>100,100+IF(RIGHT(BJ35,1)*25>=100,80,RIGHT(BJ35,1)*25),IF(RIGHT(BJ35,1)*25>=100,80,RIGHT(BJ35,1)*25))) -> 50 | K35: =TEXT(IF(W35=0,"",IF(BK35>=10,LEFT(BK35,1),0)&IF(V35>=0.06,3,0)),"00") -> 00 | L35: 85 | M35: 1000 | N35: 0 | O35: 10 | P35: 0 | Q35: - | R35: 22 | S35: 30 | T35: 4 | U35: 2 | V35: 0.011 | W35: 0.021 | X35: 24 | Y35: 22 | Z35: Z | AA35: 318 | AB35: 0.07 | AC35: 1 | AD35: 3 | AE35: 1 | AF35: 1 | AG35: 0.07 | AH35: 0 | BA35: 11 | BB35: 901 | BC35: 2 | BD35: 3 | BE35: 0 | BF35: 0.2 | BG35: 110 | BH35: 40 | BI35: 60 | BJ35: 2 | BK35: 0 | BL35: 85 | BM35: 1000 | BN35: 0 | BO35: 10 | BP35: 0 | BQ35: - | BR35: 22 | BS35: 30 | BT35: 4 | BU35: 2 | BV35: 0.011 | BW35: 0.021 | BX35: 24 | BY35: 22 | BZ35: Z | CA35: 318 | CB35: 0.07 | CC35: 1 | CD35: 3 | CE35: 1 | CF35: 1 | CG35: 0.07 | CH35: 0
A36: 12 | B36: 901 | C36: 2 | D36: 3 | E36: 0 | F36: =IF(BF36="","",IF(OR(ROUND(MOD(BF36,1),1)=0.2,ROUND(MOD(BF36,1),1)=0.4,ROUND(MOD(BF36,1),1)=0.7),BF36+0.1,IF(OR(ROUND(MOD(BF36,1),1)=0.1,ROUND(MOD(BF36,1),1)=0.6,ROUND(MOD(BF36,1),1)=0.9),BF36-0.1,BF36))*10) -> 3 | G36: 110 | H36: =IF(BH36="","",IF(ROUNDUP((BH36/100)*IF(BJ36>100,RIGHT(BJ36,2),BJ36)*250*4/60*2/IF(BK36>=10,10,1),0)>15,15,ROUNDUP((BH36/100)*IF(BJ36>100,RIGHT(BJ36,2),BJ36)*250*4/60*2/IF(BK36>=10,10,1),0))) -> 15 | I36: =IF(BI36="","",ROUND(BI36*10/80,0)) -> 8 | J36: =IF(BJ36="","",IF(BJ36>100,100+IF(RIGHT(BJ36,1)*25>=100,80,RIGHT(BJ36,1)*25),IF(RIGHT(BJ36,1)*25>=100,80,RIGHT(BJ36,1)*25))) -> 50 | K36: =TEXT(IF(W36=0,"",IF(BK36>=10,LEFT(BK36,1),0)&IF(V36>=0.06,3,0)),"00") -> 00 | L36: 85 | M36: 1000 | N36: 0 | O36: 10 | P36: 0 | Q36: - | R36: 22 | S36: 30 | T36: 4 | U36: 2 | V36: 0.019 | W36: 0.008 | X36: 24 | Y36: 15 | Z36: Z | AA36: 300 | AB36: 0.07 | AC36: 1 | AD36: 3 | AE36: 1 | AF36: 1 | AG36: 0.07 | AH36: 0 | BA36: 12 | BB36: 901 | BC36: 2 | BD36: 3 | BE36: 0 | BF36: 0.2 | BG36: 110 | BH36: 40 | BI36: 60 | BJ36: 2 | BK36: 0 | BL36: 85 | BM36: 1000 | BN36: 0 | BO36: 10 | BP36: 0 | BQ36: - | BR36: 22 | BS36: 30 | BT36: 4 | BU36: 2 | BV36: 0.019 | BW36: 0.008 | BX36: 24 | BY36: 15 | BZ36: Z | CA36: 300 | CB36: 0.07 | CC36: 1 | CD36: 3 | CE36: 1 | CF36: 1 | CG36: 0.07 | CH36: 0
F37: =IF(BF37="","",IF(OR(ROUND(MOD(BF37,1),1)=0.2,ROUND(MOD(BF37,1),1)=0.4,ROUND(MOD(BF37,1),1)=0.7),BF37+0.1,IF(OR(ROUND(MOD(BF37,1),1)=0.1,ROUND(MOD(BF37,1),1)=0.6,ROUND(MOD(BF37,1),1)=0.9),BF37-0.1,BF37))*10) | H37: =IF(BH37="","",IF(ROUNDUP((BH37/100)*IF(BJ37>100,RIGHT(BJ37,2),BJ37)*250*4/60*2/IF(BK37>=10,10,1),0)>15,15,ROUNDUP((BH37/100)*IF(BJ37>100,RIGHT(BJ37,2),BJ37)*250*4/60*2/IF(BK37>=10,10,1),0))) | I37: =IF(BI37="","",ROUND(BI37*10/80,0)) | J37: =IF(BJ37="","",IF(BJ37>100,100+IF(RIGHT(BJ37,1)*25>=100,80,RIGHT(BJ37,1)*25),IF(RIGHT(BJ37,1)*25>=100,80,RIGHT(BJ37,1)*25))) | K37: =TEXT(IF(W37=0,"",IF(BK37>=10,LEFT(BK37,1),0)&IF(V37>=0.06,3,0)),"00")
F38: =IF(BF38="","",IF(OR(ROUND(MOD(BF38,1),1)=0.2,ROUND(MOD(BF38,1),1)=0.4,ROUND(MOD(BF38,1),1)=0.7),BF38+0.1,IF(OR(ROUND(MOD(BF38,1),1)=0.1,ROUND(MOD(BF38,1),1)=0.6,ROUND(MOD(BF38,1),1)=0.9),BF38-0.1,BF38))*10) | H38: =IF(BH38="","",IF(ROUNDUP((BH38/100)*IF(BJ38>100,RIGHT(BJ38,2),BJ38)*250*4/60*2/IF(BK38>=10,10,1),0)>15,15,ROUNDUP((BH38/100)*IF(BJ38>100,RIGHT(BJ38,2),BJ38)*250*4/60*2/IF(BK38>=10,10,1),0))) | I38: =IF(BI38="","",ROUND(BI38*10/80,0)) | J38: =IF(BJ38="","",IF(BJ38>100,100+IF(RIGHT(BJ38,1)*25>=100,80,RIGHT(BJ38,1)*25),IF(RIGHT(BJ38,1)*25>=100,80,RIGHT(BJ38,1)*25))) | K38: =TEXT(IF(W38=0,"",IF(BK38>=10,LEFT(BK38,1),0)&IF(V38>=0.06,3,0)),"00")
F39: =IF(BF39="","",IF(OR(ROUND(MOD(BF39,1),1)=0.2,ROUND(MOD(BF39,1),1)=0.4,ROUND(MOD(BF39,1),1)=0.7),BF39+0.1,IF(OR(ROUND(MOD(BF39,1),1)=0.1,ROUND(MOD(BF39,1),1)=0.6,ROUND(MOD(BF39,1),1)=0.9),BF39-0.1,BF39))*10) | H39: =IF(BH39="","",IF(ROUNDUP((BH39/100)*IF(BJ39>100,RIGHT(BJ39,2),BJ39)*250*4/60*2/IF(BK39>=10,10,1),0)>15,15,ROUNDUP((BH39/100)*IF(BJ39>100,RIGHT(BJ39,2),BJ39)*250*4/60*2/IF(BK39>=10,10,1),0))) | I39: =IF(BI39="","",ROUND(BI39*10/80,0)) | J39: =IF(BJ39="","",IF(BJ39>100,100+IF(RIGHT(BJ39,1)*25>=100,80,RIGHT(BJ39,1)*25),IF(RIGHT(BJ39,1)*25>=100,80,RIGHT(BJ39,1)*25))) | K39: =TEXT(IF(W39=0,"",IF(BK39>=10,LEFT(BK39,1),0)&IF(V39>=0.06,3,0)),"00")
A40: 2 | B40: 7 | C40: 60 | D40: 30 | E40: 0 | F40: =IF(BF40="","",IF(OR(ROUND(MOD(BF40,1),1)=0.2,ROUND(MOD(BF40,1),1)=0.4,ROUND(MOD(BF40,1),1)=0.7),BF40+0.1,IF(OR(ROUND(MOD(BF40,1),1)=0.1,ROUND(MOD(BF40,1),1)=0.6,ROUND(MOD(BF40,1),1)=0.9),BF40-0.1,BF40))*10) -> 23 | G40: 65 | H40: =IF(BH40="","",IF(ROUNDUP((BH40/100)*IF(BJ40>100,RIGHT(BJ40,2),BJ40)*250*4/60*2/IF(BK40>=10,10,1),0)>15,15,ROUNDUP((BH40/100)*IF(BJ40>100,RIGHT(BJ40,2),BJ40)*250*4/60*2/IF(BK40>=10,10,1),0))) -> 15 | I40: =IF(BI40="","",ROUND(BI40*10/80,0)) -> 4 | J40: =IF(BJ40="","",IF(BJ40>100,100+IF(RIGHT(BJ40,1)*25>=100,80,RIGHT(BJ40,1)*25),IF(RIGHT(BJ40,1)*25>=100,80,RIGHT(BJ40,1)*25))) -> 80 | K40: =TEXT(IF(W40=0,"",IF(BK40>=10,LEFT(BK40,1),0)&IF(V40>=0.06,3,0)),"00") -> 03 | L40: 52 | M40: 0 | N40: 0 | O40: 1 | P40: 0 | Q40: + | R40: 11 | S40: 10 | T40: 2 | U40: 2 | V40: 0.102 | W40: 0.0703 | X40: 24 | Y40: 0 | Z40: T | AB40: 0 | AC40: 1 | AD40: 3 | AE40: 1 | AF40: 1 | AG40: 0.14 | AH40: 0 | BA40: 2 | BB40: 7 | BC40: 60 | BD40: 30 | BE40: 0 | BF40: 2.3 | BG40: 65 | BH40: 12 | BI40: 30 | BJ40: 5 | BK40: 0 | BL40: 52 | BM40: 0 | BN40: 0 | BO40: 1 | BP40: 0 | BQ40: + | BR40: 11 | BS40: 10 | BT40: 2 | BU40: 2 | BV40: 0.102 | BW40: 0.0703 | BX40: 24 | BY40: 0 | BZ40: T | CB40: 0 | CC40: 1 | CD40: 3 | CE40: 1 | CF40: 1 | CG40: 0.14 | CH40: 0
A41: 3 | B41: 6 | C41: 35 | D41: 20 | E41: 0 | F41: =IF(BF41="","",IF(OR(ROUND(MOD(BF41,1),1)=0.2,ROUND(MOD(BF41,1),1)=0.4,ROUND(MOD(BF41,1),1)=0.7),BF41+0.1,IF(OR(ROUND(MOD(BF41,1),1)=0.1,ROUND(MOD(BF41,1),1)=0.6,ROUND(MOD(BF41,1),1)=0.9),BF41-0.1,BF41))*10) -> 13 | G41: 65 | H41: =IF(BH41="","",IF(ROUNDUP((BH41/100)*IF(BJ41>100,RIGHT(BJ41,2),BJ41)*250*4/60*2/IF(BK41>=10,10,1),0)>15,15,ROUNDUP((BH41/100)*IF(BJ41>100,RIGHT(BJ41,2),BJ41)*250*4/60*2/IF(BK41>=10,10,1),0))) -> 15 | I41: =IF(BI41="","",ROUND(BI41*10/80,0)) -> 4 | J41: =IF(BJ41="","",IF(BJ41>100,100+IF(RIGHT(BJ41,1)*25>=100,80,RIGHT(BJ41,1)*25),IF(RIGHT(BJ41,1)*25>=100,80,RIGHT(BJ41,1)*25))) -> 75 | K41: =TEXT(IF(W41=0,"",IF(BK41>=10,LEFT(BK41,1),0)&IF(V41>=0.06,3,0)),"00") -> 03 | L41: 63 | M41: 0 | N41: 40 | O41: 0 | P41: 0 | Q41: + | R41: 11 | S41: 10 | T41: 2 | U41: 2 | V41: 0.078 | W41: 0.0523 | X41: 24 | Y41: 0 | Z41: T | AB41: 2 | AC41: 1 | AD41: 3 | AE41: 1 | AF41: 1 | AG41: 0.14 | AH41: 0 | BA41: 3 | BB41: 6 | BC41: 35 | BD41: 20 | BE41: 0 | BF41: 1.3 | BG41: 65 | BH41: 15 | BI41: 30 | BJ41: 3 | BK41: 0 | BL41: 63 | BM41: 0 | BN41: 40 | BO41: 0 | BP41: 0 | BQ41: + | BR41: 11 | BS41: 10 | BT41: 2 | BU41: 2 | BV41: 0.078 | BW41: 0.0523 | BX41: 24 | BY41: 0 | BZ41: T | CB41: 2 | CC41: 1 | CD41: 3 | CE41: 1 | CF41: 1 | CG41: 0.14 | CH41: 0
A42: 4 | B42: 5 | C42: 12 | D42: 12 | E42: 0 | F42: =IF(BF42="","",IF(OR(ROUND(MOD(BF42,1),1)=0.2,ROUND(MOD(BF42,1),1)=0.4,ROUND(MOD(BF42,1),1)=0.7),BF42+0.1,IF(OR(ROUND(MOD(BF42,1),1)=0.1,ROUND(MOD(BF42,1),1)=0.6,ROUND(MOD(BF42,1),1)=0.9),BF42-0.1,BF42))*10) -> 5 | G42: 100 | H42: =IF(BH42="","",IF(ROUNDUP((BH42/100)*IF(BJ42>100,RIGHT(BJ42,2),BJ42)*250*4/60*2/IF(BK42>=10,10,1),0)>15,15,ROUNDUP((BH42/100)*IF(BJ42>100,RIGHT(BJ42,2),BJ42)*250*4/60*2/IF(BK42>=10,10,1),0))) -> 11 | I42: =IF(BI42="","",ROUND(BI42*10/80,0)) -> 4 | J42: =IF(BJ42="","",IF(BJ42>100,100+IF(RIGHT(BJ42,1)*25>=100,80,RIGHT(BJ42,1)*25),IF(RIGHT(BJ42,1)*25>=100,80,RIGHT(BJ42,1)*25))) -> 50 | K42: =TEXT(IF(W42=0,"",IF(BK42>=10,LEFT(BK42,1),0)&IF(V42>=0.06,3,0)),"00") -> 03 | L42: 63 | M42: 0 | N42: 40 | O42: 0 | P42: 0 | Q42: + | R42: 21 | S42: 10 | T42: 2 | U42: 2 | V42: 0.06 | W42: 0.0403 | X42: 24 | Y42: 0 | Z42: T | AB42: 1.12 | AC42: 1 | AD42: 3 | AE42: 1 | AF42: 1 | AG42: 0.14 | AH42: 0 | BA42: 4 | BB42: 5 | BC42: 12 | BD42: 12 | BE42: 0 | BF42: 0.6 | BG42: 100 | BH42: 16 | BI42: 35 | BJ42: 2 | BK42: 0 | BL42: 63 | BM42: 0 | BN42: 40 | BO42: 0 | BP42: 0 | BQ42: + | BR42: 21 | BS42: 10 | BT42: 2 | BU42: 2 | BV42: 0.06 | BW42: 0.0403 | BX42: 24 | BY42: 0 | BZ42: T | CB42: 1.12 | CC42: 1 | CD42: 3 | CE42: 1 | CF42: 1 | CG42: 0.14 | CH42: 0
A43: 5 | B43: 4 | C43: 7 | D43: 12 | E43: 0 | F43: =IF(BF43="","",IF(OR(ROUND(MOD(BF43,1),1)=0.2,ROUND(MOD(BF43,1),1)=0.4,ROUND(MOD(BF43,1),1)=0.7),BF43+0.1,IF(OR(ROUND(MOD(BF43,1),1)=0.1,ROUND(MOD(BF43,1),1)=0.6,ROUND(MOD(BF43,1),1)=0.9),BF43-0.1,BF43))*10) -> 5 | G43: 100 | H43: =IF(BH43="","",IF(ROUNDUP((BH43/100)*IF(BJ43>100,RIGHT(BJ43,2),BJ43)*250*4/60*2/IF(BK43>=10,10,1),0)>15,15,ROUNDUP((BH43/100)*IF(BJ43>100,RIGHT(BJ43,2),BJ43)*250*4/60*2/IF(BK43>=10,10,1),0))) -> 11 | I43: =IF(BI43="","",ROUND(BI43*10/80,0)) -> 5 | J43: =IF(BJ43="","",IF(BJ43>100,100+IF(RIGHT(BJ43,1)*25>=100,80,RIGHT(BJ43,1)*25),IF(RIGHT(BJ43,1)*25>=100,80,RIGHT(BJ43,1)*25))) -> 50 | K43: =TEXT(IF(W43=0,"",IF(BK43>=10,LEFT(BK43,1),0)&IF(V43>=0.06,3,0)),"00") -> 00 | L43: 63 | M43: 0 | N43: 0 | O43: 0 | P43: 0 | Q43: + | R43: 21 | S43: 10 | T43: 2 | U43: 2 | V43: 0.046 | W43: 0.0304 | X43: 24 | Y43: 0 | Z43: T | AB43: 0.8 | AC43: 1 | AD43: 3 | AE43: 1 | AF43: 1 | AG43: 0.14 | AH43: 0 | BA43: 5 | BB43: 4 | BC43: 7 | BD43: 12 | BE43: 0 | BF43: 0.4 | BG43: 100 | BH43: 16 | BI43: 40 | BJ43: 2 | BK43: 0 | BL43: 63 | BM43: 0 | BN43: 0 | BO43: 0 | BP43: 0 | BQ43: + | BR43: 21 | BS43: 10 | BT43: 2 | BU43: 2 | BV43: 0.046 | BW43: 0.0304 | BX43: 24 | BY43: 0 | BZ43: T | CB43: 0.8 | CC43: 1 | CD43: 3 | CE43: 1 | CF43: 1 | CG43: 0.14 | CH43: 0
A44: 6 | B44: 3 | C44: 4 | D44: 10 | E44: 0 | F44: =IF(BF44="","",IF(OR(ROUND(MOD(BF44,1),1)=0.2,ROUND(MOD(BF44,1),1)=0.4,ROUND(MOD(BF44,1),1)=0.7),BF44+0.1,IF(OR(ROUND(MOD(BF44,1),1)=0.1,ROUND(MOD(BF44,1),1)=0.6,ROUND(MOD(BF44,1),1)=0.9),BF44-0.1,BF44))*10) -> 3 | G44: 100 | H44: =IF(BH44="","",IF(ROUNDUP((BH44/100)*IF(BJ44>100,RIGHT(BJ44,2),BJ44)*250*4/60*2/IF(BK44>=10,10,1),0)>15,15,ROUNDUP((BH44/100)*IF(BJ44>100,RIGHT(BJ44,2),BJ44)*250*4/60*2/IF(BK44>=10,10,1),0))) -> 7 | I44: =IF(BI44="","",ROUND(BI44*10/80,0)) -> 5 | J44: =IF(BJ44="","",IF(BJ44>100,100+IF(RIGHT(BJ44,1)*25>=100,80,RIGHT(BJ44,1)*25),IF(RIGHT(BJ44,1)*25>=100,80,RIGHT(BJ44,1)*25))) -> 25 | K44: =TEXT(IF(W44=0,"",IF(BK44>=10,LEFT(BK44,1),0)&IF(V44>=0.06,3,0)),"00") -> 00 | L44: 63 | M44: 0 | N44: 0 | O44: 0 | P44: 0 | Q44: + | R44: 21 | S44: 10 | T44: 2 | U44: 2 | V44: 0.036 | W44: 0.0243 | X44: 24 | Y44: 0 | Z44: T | AB44: 0.5 | AC44: 1 | AD44: 3 | AE44: 1 | AF44: 1 | AG44: 0.14 | AH44: 0 | BA44: 6 | BB44: 3 | BC44: 4 | BD44: 10 | BE44: 0 | BF44: 0.2 | BG44: 100 | BH44: 20 | BI44: 40 | BJ44: 1 | BK44: 0 | BL44: 63 | BM44: 0 | BN44: 0 | BO44: 0 | BP44: 0 | BQ44: + | BR44: 21 | BS44: 10 | BT44: 2 | BU44: 2 | BV44: 0.036 | BW44: 0.0243 | BX44: 24 | BY44: 0 | BZ44: T | CB44: 0.5 | CC44: 1 | CD44: 3 | CE44: 1 | CF44: 1 | CG44: 0.14 | CH44: 0
A45: 7 | B45: 802 | C45: 1 | D45: 9 | E45: 0 | F45: =IF(BF45="","",IF(OR(ROUND(MOD(BF45,1),1)=0.2,ROUND(MOD(BF45,1),1)=0.4,ROUND(MOD(BF45,1),1)=0.7),BF45+0.1,IF(OR(ROUND(MOD(BF45,1),1)=0.1,ROUND(MOD(BF45,1),1)=0.6,ROUND(MOD(BF45,1),1)=0.9),BF45-0.1,BF45))*10) -> 5 | G45: 110 | H45: =IF(BH45="","",IF(ROUNDUP((BH45/100)*IF(BJ45>100,RIGHT(BJ45,2),BJ45)*250*4/60*2/IF(BK45>=10,10,1),0)>15,15,ROUNDUP((BH45/100)*IF(BJ45>100,RIGHT(BJ45,2),BJ45)*250*4/60*2/IF(BK45>=10,10,1),0))) -> 7 | I45: =IF(BI45="","",ROUND(BI45*10/80,0)) -> 5 | J45: =IF(BJ45="","",IF(BJ45>100,100+IF(RIGHT(BJ45,1)*25>=100,80,RIGHT(BJ45,1)*25),IF(RIGHT(BJ45,1)*25>=100,80,RIGHT(BJ45,1)*25))) -> 25 | K45: =TEXT(IF(W45=0,"",IF(BK45>=10,LEFT(BK45,1),0)&IF(V45>=0.06,3,0)),"00") -> 00 | L45: 73 | M45: 0 | N45: 0 | O45: 0 | P45: 1 | Q45: - | R45: 21 | S45: 30 | T45: 3 | U45: 2 | V45: 0.02 | W45: 0.025 | X45: 24 | Y45: 13 | Z45: Z | AA45: 157 | AB45: 0.32 | AC45: 1 | AD45: 3 | AE45: 1 | AF45: 1 | AG45: 0.14 | AH45: 0 | BA45: 7 | BB45: 802 | BC45: 1 | BD45: 9 | BE45: 0 | BF45: 0.4 | BG45: 110 | BH45: 20 | BI45: 40 | BJ45: 1 | BK45: 0 | BL45: 73 | BM45: 0 | BN45: 0 | BO45: 0 | BP45: 1 | BQ45: - | BR45: 21 | BS45: 30 | BT45: 3 | BU45: 2 | BV45: 0.02 | BW45: 0.025 | BX45: 24 | BY45: 13 | BZ45: Z | CA45: 157 | CB45: 0.32 | CC45: 1 | CD45: 3 | CE45: 1 | CF45: 1 | CG45: 0.14 | CH45: 0
A46: 8 | B46: 802 | C46: 1 | D46: 9 | E46: 0 | F46: =IF(BF46="","",IF(OR(ROUND(MOD(BF46,1),1)=0.2,ROUND(MOD(BF46,1),1)=0.4,ROUND(MOD(BF46,1),1)=0.7),BF46+0.1,IF(OR(ROUND(MOD(BF46,1),1)=0.1,ROUND(MOD(BF46,1),1)=0.6,ROUND(MOD(BF46,1),1)=0.9),BF46-0.1,BF46))*10) -> 5 | G46: 110 | H46: =IF(BH46="","",IF(ROUNDUP((BH46/100)*IF(BJ46>100,RIGHT(BJ46,2),BJ46)*250*4/60*2/IF(BK46>=10,10,1),0)>15,15,ROUNDUP((BH46/100)*IF(BJ46>100,RIGHT(BJ46,2),BJ46)*250*4/60*2/IF(BK46>=10,10,1),0))) -> 7 | I46: =IF(BI46="","",ROUND(BI46*10/80,0)) -> 5 | J46: =IF(BJ46="","",IF(BJ46>100,100+IF(RIGHT(BJ46,1)*25>=100,80,RIGHT(BJ46,1)*25),IF(RIGHT(BJ46,1)*25>=100,80,RIGHT(BJ46,1)*25))) -> 25 | K46: =TEXT(IF(W46=0,"",IF(BK46>=10,LEFT(BK46,1),0)&IF(V46>=0.06,3,0)),"00") -> 00 | L46: 73 | M46: 0 | N46: 0 | O46: 0 | P46: 1 | Q46: - | R46: 21 | S46: 30 | T46: 3 | U46: 2 | V46: 0.019 | W46: 0.0137 | X46: 24 | Y46: 10 | Z46: Z | AA46: 200 | AB46: 0.32 | AC46: 1 | AD46: 3 | AE46: 1 | AF46: 1 | AG46: 0.14 | AH46: 0 | BA46: 8 | BB46: 802 | BC46: 1 | BD46: 9 | BE46: 0 | BF46: 0.4 | BG46: 110 | BH46: 20 | BI46: 40 | BJ46: 1 | BK46: 0 | BL46: 73 | BM46: 0 | BN46: 0 | BO46: 0 | BP46: 1 | BQ46: - | BR46: 21 | BS46: 30 | BT46: 3 | BU46: 2 | BV46: 0.019 | BW46: 0.0137 | BX46: 24 | BY46: 10 | BZ46: Z | CA46: 200 | CB46: 0.32 | CC46: 1 | CD46: 3 | CE46: 1 | CF46: 1 | CG46: 0.14 | CH46: 0
A47: 9 | B47: 801 | C47: 0 | D47: 4 | E47: 0 | F47: =IF(BF47="","",IF(OR(ROUND(MOD(BF47,1),1)=0.2,ROUND(MOD(BF47,1),1)=0.4,ROUND(MOD(BF47,1),1)=0.7),BF47+0.1,IF(OR(ROUND(MOD(BF47,1),1)=0.1,ROUND(MOD(BF47,1),1)=0.6,ROUND(MOD(BF47,1),1)=0.9),BF47-0.1,BF47))*10) -> 5 | G47: 110 | H47: =IF(BH47="","",IF(ROUNDUP((BH47/100)*IF(BJ47>100,RIGHT(BJ47,2),BJ47)*250*4/60*2/IF(BK47>=10,10,1),0)>15,15,ROUNDUP((BH47/100)*IF(BJ47>100,RIGHT(BJ47,2),BJ47)*250*4/60*2/IF(BK47>=10,10,1),0))) -> 15 | I47: =IF(BI47="","",ROUND(BI47*10/80,0)) -> 6 | J47: =IF(BJ47="","",IF(BJ47>100,100+IF(RIGHT(BJ47,1)*25>=100,80,RIGHT(BJ47,1)*25),IF(RIGHT(BJ47,1)*25>=100,80,RIGHT(BJ47,1)*25))) -> 50 | K47: =TEXT(IF(W47=0,"",IF(BK47>=10,LEFT(BK47,1),0)&IF(V47>=0.06,3,0)),"00") -> 00 | L47: 85 | M47: 0 | N47: 0 | O47: 0 | P47: 0 | Q47: - | R47: 21 | S47: 30 | T47: 4 | U47: 2 | V47: 0.011 | W47: 0.021 | X47: 24 | Y47: 13 | Z47: Z | AA47: 157 | AB47: 0.14 | AC47: 1 | AD47: 3 | AE47: 1 | AF47: 1 | AG47: 0.14 | AH47: 0 | BA47: 9 | BB47: 801 | BC47: 0 | BD47: 4 | BE47: 0 | BF47: 0.4 | BG47: 110 | BH47: 40 | BI47: 50 | BJ47: 2 | BK47: 0 | BL47: 85 | BM47: 0 | BN47: 0 | BO47: 0 | BP47: 0 | BQ47: - | BR47: 21 | BS47: 30 | BT47: 4 | BU47: 2 | BV47: 0.011 | BW47: 0.021 | BX47: 24 | BY47: 13 | BZ47: Z | CA47: 157 | CB47: 0.14 | CC47: 1 | CD47: 3 | CE47: 1 | CF47: 1 | CG47: 0.14 | CH47: 0
A48: 10 | B48: 801 | C48: 0 | D48: 4 | E48: 0 | F48: =IF(BF48="","",IF(OR(ROUND(MOD(BF48,1),1)=0.2,ROUND(MOD(BF48,1),1)=0.4,ROUND(MOD(BF48,1),1)=0.7),BF48+0.1,IF(OR(ROUND(MOD(BF48,1),1)=0.1,ROUND(MOD(BF48,1),1)=0.6,ROUND(MOD(BF48,1),1)=0.9),BF48-0.1,BF48))*10) -> 5 | G48: 110 | H48: =IF(BH48="","",IF(ROUNDUP((BH48/100)*IF(BJ48>100,RIGHT(BJ48,2),BJ48)*250*4/60*2/IF(BK48>=10,10,1),0)>15,15,ROUNDUP((BH48/100)*IF(BJ48>100,RIGHT(BJ48,2),BJ48)*250*4/60*2/IF(BK48>=10,10,1),0))) -> 15 | I48: =IF(BI48="","",ROUND(BI48*10/80,0)) -> 6 | J48: =IF(BJ48="","",IF(BJ48>100,100+IF(RIGHT(BJ48,1)*25>=100,80,RIGHT(BJ48,1)*25),IF(RIGHT(BJ48,1)*25>=100,80,RIGHT(BJ48,1)*25))) -> 50 | K48: =TEXT(IF(W48=0,"",IF(BK48>=10,LEFT(BK48,1),0)&IF(V48>=0.06,3,0)),"00") -> 00 | L48: 85 | M48: 0 | N48: 0 | O48: 0 | P48: 0 | Q48: - | R48: 21 | S48: 30 | T48: 4 | U48: 2 | V48: 0.019 | W48: 0.008 | X48: 24 | Y48: 10 | Z48: Z | AA48: 200 | AB48: 0.14 | AC48: 1 | AD48: 3 | AE48: 1 | AF48: 1 | AG48: 0.14 | AH48: 0 | BA48: 10 | BB48: 801 | BC48: 0 | BD48: 4 | BE48: 0 | BF48: 0.4 | BG48: 110 | BH48: 40 | BI48: 50 | BJ48: 2 | BK48: 0 | BL48: 85 | BM48: 0 | BN48: 0 | BO48: 0 | BP48: 0 | BQ48: - | BR48: 21 | BS48: 30 | BT48: 4 | BU48: 2 | BV48: 0.019 | BW48: 0.008 | BX48: 24 | BY48: 10 | BZ48: Z | CA48: 200 | CB48: 0.14 | CC48: 1 | CD48: 3 | CE48: 1 | CF48: 1 | CG48: 0.14 | CH48: 0
F49: =IF(BF49="","",IF(OR(ROUND(MOD(BF49,1),1)=0.2,ROUND(MOD(BF49,1),1)=0.4,ROUND(MOD(BF49,1),1)=0.7),BF49+0.1,IF(OR(ROUND(MOD(BF49,1),1)=0.1,ROUND(MOD(BF49,1),1)=0.6,ROUND(MOD(BF49,1),1)=0.9),BF49-0.1,BF49))*10) | H49: =IF(BH49="","",IF(ROUNDUP((BH49/100)*IF(BJ49>100,RIGHT(BJ49,2),BJ49)*250*4/60*2/IF(BK49>=10,10,1),0)>15,15,ROUNDUP((BH49/100)*IF(BJ49>100,RIGHT(BJ49,2),BJ49)*250*4/60*2/IF(BK49>=10,10,1),0))) | I49: =IF(BI49="","",ROUND(BI49*10/80,0)) | J49: =IF(BJ49="","",IF(BJ49>100,100+IF(RIGHT(BJ49,1)*25>=100,80,RIGHT(BJ49,1)*25),IF(RIGHT(BJ49,1)*25>=100,80,RIGHT(BJ49,1)*25))) | K49: =TEXT(IF(W49=0,"",IF(BK49>=10,LEFT(BK49,1),0)&IF(V49>=0.06,3,0)),"00")
F50: =IF(BF50="","",IF(OR(ROUND(MOD(BF50,1),1)=0.2,ROUND(MOD(BF50,1),1)=0.4,ROUND(MOD(BF50,1),1)=0.7),BF50+0.1,IF(OR(ROUND(MOD(BF50,1),1)=0.1,ROUND(MOD(BF50,1),1)=0.6,ROUND(MOD(BF50,1),1)=0.9),BF50-0.1,BF50))*10) | H50: =IF(BH50="","",IF(ROUNDUP((BH50/100)*IF(BJ50>100,RIGHT(BJ50,2),BJ50)*250*4/60*2/IF(BK50>=10,10,1),0)>15,15,ROUNDUP((BH50/100)*IF(BJ50>100,RIGHT(BJ50,2),BJ50)*250*4/60*2/IF(BK50>=10,10,1),0))) | I50: =IF(BI50="","",ROUND(BI50*10/80,0)) | J50: =IF(BJ50="","",IF(BJ50>100,100+IF(RIGHT(BJ50,1)*25>=100,80,RIGHT(BJ50,1)*25),IF(RIGHT(BJ50,1)*25>=100,80,RIGHT(BJ50,1)*25))) | K50: =TEXT(IF(W50=0,"",IF(BK50>=10,LEFT(BK50,1),0)&IF(V50>=0.06,3,0)),"00")
A51: 2 | B51: 6 | C51: 60 | D51: 30 | E51: 0 | F51: =IF(BF51="","",IF(OR(ROUND(MOD(BF51,1),1)=0.2,ROUND(MOD(BF51,1),1)=0.4,ROUND(MOD(BF51,1),1)=0.7),BF51+0.1,IF(OR(ROUND(MOD(BF51,1),1)=0.1,ROUND(MOD(BF51,1),1)=0.6,ROUND(MOD(BF51,1),1)=0.9),BF51-0.1,BF51))*10) -> 23 | G51: 65 | H51: =IF(BH51="","",IF(ROUNDUP((BH51/100)*IF(BJ51>100,RIGHT(BJ51,2),BJ51)*250*4/60*2/IF(BK51>=10,10,1),0)>15,15,ROUNDUP((BH51/100)*IF(BJ51>100,RIGHT(BJ51,2),BJ51)*250*4/60*2/IF(BK51>=10,10,1),0))) -> 15 | I51: =IF(BI51="","",ROUND(BI51*10/80,0)) -> 4 | J51: =IF(BJ51="","",IF(BJ51>100,100+IF(RIGHT(BJ51,1)*25>=100,80,RIGHT(BJ51,1)*25),IF(RIGHT(BJ51,1)*25>=100,80,RIGHT(BJ51,1)*25))) -> 80 | K51: =TEXT(IF(W51=0,"",IF(BK51>=10,LEFT(BK51,1),0)&IF(V51>=0.06,3,0)),"00") -> 03 | L51: 52 | M51: 0 | N51: 0 | O51: 1 | P51: 0 | Q51: + | R51: 11 | S51: 10 | T51: 2 | U51: 2 | V51: 0.11 | W51: 0.0689 | X51: 24 | Y51: 0 | Z51: T | AB51: 0 | AC51: 1 | AD51: 3 | AE51: 1 | AF51: 1 | AG51: 0.32 | AH51: 0 | BA51: 2 | BB51: 6 | BC51: 60 | BD51: 30 | BE51: 0 | BF51: 2.3 | BG51: 65 | BH51: 12 | BI51: 30 | BJ51: 5 | BK51: 0 | BL51: 52 | BM51: 0 | BN51: 0 | BO51: 1 | BP51: 0 | BQ51: + | BR51: 11 | BS51: 10 | BT51: 2 | BU51: 2 | BV51: 0.11 | BW51: 0.0689 | BX51: 24 | BY51: 0 | BZ51: T | CB51: 0 | CC51: 1 | CD51: 3 | CE51: 1 | CF51: 1 | CG51: 0.32 | CH51: 0
A52: 3 | B52: 5 | C52: 35 | D52: 20 | E52: 0 | F52: =IF(BF52="","",IF(OR(ROUND(MOD(BF52,1),1)=0.2,ROUND(MOD(BF52,1),1)=0.4,ROUND(MOD(BF52,1),1)=0.7),BF52+0.1,IF(OR(ROUND(MOD(BF52,1),1)=0.1,ROUND(MOD(BF52,1),1)=0.6,ROUND(MOD(BF52,1),1)=0.9),BF52-0.1,BF52))*10) -> 13 | G52: 65 | H52: =IF(BH52="","",IF(ROUNDUP((BH52/100)*IF(BJ52>100,RIGHT(BJ52,2),BJ52)*250*4/60*2/IF(BK52>=10,10,1),0)>15,15,ROUNDUP((BH52/100)*IF(BJ52>100,RIGHT(BJ52,2),BJ52)*250*4/60*2/IF(BK52>=10,10,1),0))) -> 15 | I52: =IF(BI52="","",ROUND(BI52*10/80,0)) -> 4 | J52: =IF(BJ52="","",IF(BJ52>100,100+IF(RIGHT(BJ52,1)*25>=100,80,RIGHT(BJ52,1)*25),IF(RIGHT(BJ52,1)*25>=100,80,RIGHT(BJ52,1)*25))) -> 75 | K52: =TEXT(IF(W52=0,"",IF(BK52>=10,LEFT(BK52,1),0)&IF(V52>=0.06,3,0)),"00") -> 03 | L52: 63 | M52: 0 | N52: 40 | O52: 0 | P52: 0 | Q52: + | R52: 11 | S52: 10 | T52: 2 | U52: 2 | V52: 0.076 | W52: 0.051 | X52: 24 | Y52: 0 | Z52: T | AB52: 2 | AC52: 1 | AD52: 3 | AE52: 1 | AF52: 1 | AG52: 0.32 | AH52: 0 | BA52: 3 | BB52: 5 | BC52: 35 | BD52: 20 | BE52: 0 | BF52: 1.3 | BG52: 65 | BH52: 15 | BI52: 30 | BJ52: 3 | BK52: 0 | BL52: 63 | BM52: 0 | BN52: 40 | BO52: 0 | BP52: 0 | BQ52: + | BR52: 11 | BS52: 10 | BT52: 2 | BU52: 2 | BV52: 0.076 | BW52: 0.051 | BX52: 24 | BY52: 0 | BZ52: T | CB52: 2 | CC52: 1 | CD52: 3 | CE52: 1 | CF52: 1 | CG52: 0.32 | CH52: 0
A53: 4 | B53: 4 | C53: 12 | D53: 12 | E53: 0 | F53: =IF(BF53="","",IF(OR(ROUND(MOD(BF53,1),1)=0.2,ROUND(MOD(BF53,1),1)=0.4,ROUND(MOD(BF53,1),1)=0.7),BF53+0.1,IF(OR(ROUND(MOD(BF53,1),1)=0.1,ROUND(MOD(BF53,1),1)=0.6,ROUND(MOD(BF53,1),1)=0.9),BF53-0.1,BF53))*10) -> 5 | G53: 100 | H53: =IF(BH53="","",IF(ROUNDUP((BH53/100)*IF(BJ53>100,RIGHT(BJ53,2),BJ53)*250*4/60*2/IF(BK53>=10,10,1),0)>15,15,ROUNDUP((BH53/100)*IF(BJ53>100,RIGHT(BJ53,2),BJ53)*250*4/60*2/IF(BK53>=10,10,1),0))) -> 11 | I53: =IF(BI53="","",ROUND(BI53*10/80,0)) -> 4 | J53: =IF(BJ53="","",IF(BJ53>100,100+IF(RIGHT(BJ53,1)*25>=100,80,RIGHT(BJ53,1)*25),IF(RIGHT(BJ53,1)*25>=100,80,RIGHT(BJ53,1)*25))) -> 50 | K53: =TEXT(IF(W53=0,"",IF(BK53>=10,LEFT(BK53,1),0)&IF(V53>=0.06,3,0)),"00") -> 00 | L53: 63 | M53: 0 | N53: 40 | O53: 0 | P53: 0 | Q53: + | R53: 21 | S53: 10 | T53: 2 | U53: 2 | V53: 0.058 | W53: 0.039 | X53: 24 | Y53: 0 | Z53: T | AB53: 1.12 | AC53: 1 | AD53: 3 | AE53: 1 | AF53: 1 | AG53: 0.32 | AH53: 0 | BA53: 4 | BB53: 4 | BC53: 12 | BD53: 12 | BE53: 0 | BF53: 0.6 | BG53: 100 | BH53: 16 | BI53: 35 | BJ53: 2 | BK53: 0 | BL53: 63 | BM53: 0 | BN53: 40 | BO53: 0 | BP53: 0 | BQ53: + | BR53: 21 | BS53: 10 | BT53: 2 | BU53: 2 | BV53: 0.058 | BW53: 0.039 | BX53: 24 | BY53: 0 | BZ53: T | CB53: 1.12 | CC53: 1 | CD53: 3 | CE53: 1 | CF53: 1 | CG53: 0.32 | CH53: 0
A54: 5 | B54: 3 | C54: 7 | D54: 10 | E54: 0 | F54: =IF(BF54="","",IF(OR(ROUND(MOD(BF54,1),1)=0.2,ROUND(MOD(BF54,1),1)=0.4,ROUND(MOD(BF54,1),1)=0.7),BF54+0.1,IF(OR(ROUND(MOD(BF54,1),1)=0.1,ROUND(MOD(BF54,1),1)=0.6,ROUND(MOD(BF54,1),1)=0.9),BF54-0.1,BF54))*10) -> 5 | G54: 100 | H54: =IF(BH54="","",IF(ROUNDUP((BH54/100)*IF(BJ54>100,RIGHT(BJ54,2),BJ54)*250*4/60*2/IF(BK54>=10,10,1),0)>15,15,ROUNDUP((BH54/100)*IF(BJ54>100,RIGHT(BJ54,2),BJ54)*250*4/60*2/IF(BK54>=10,10,1),0))) -> 11 | I54: =IF(BI54="","",ROUND(BI54*10/80,0)) -> 5 | J54: =IF(BJ54="","",IF(BJ54>100,100+IF(RIGHT(BJ54,1)*25>=100,80,RIGHT(BJ54,1)*25),IF(RIGHT(BJ54,1)*25>=100,80,RIGHT(BJ54,1)*25))) -> 50 | K54: =TEXT(IF(W54=0,"",IF(BK54>=10,LEFT(BK54,1),0)&IF(V54>=0.06,3,0)),"00") -> 00 | L54: 63 | M54: 0 | N54: 0 | O54: 0 | P54: 0 | Q54: + | R54: 21 | S54: 10 | T54: 2 | U54: 2 | V54: 0.044 | W54: 0.029 | X54: 24 | Y54: 0 | Z54: T | AB54: 0.8 | AC54: 1 | AD54: 3 | AE54: 1 | AF54: 1 | AG54: 0.32 | AH54: 0 | BA54: 5 | BB54: 3 | BC54: 7 | BD54: 10 | BE54: 0 | BF54: 0.4 | BG54: 100 | BH54: 16 | BI54: 40 | BJ54: 2 | BK54: 0 | BL54: 63 | BM54: 0 | BN54: 0 | BO54: 0 | BP54: 0 | BQ54: + | BR54: 21 | BS54: 10 | BT54: 2 | BU54: 2 | BV54: 0.044 | BW54: 0.029 | BX54: 24 | BY54: 0 | BZ54: T | CB54: 0.8 | CC54: 1 | CD54: 3 | CE54: 1 | CF54: 1 | CG54: 0.32 | CH54: 0
A55: 6 | B55: 2 | C55: 4 | D55: 10 | E55: 0 | F55: =IF(BF55="","",IF(OR(ROUND(MOD(BF55,1),1)=0.2,ROUND(MOD(BF55,1),1)=0.4,ROUND(MOD(BF55,1),1)=0.7),BF55+0.1,IF(OR(ROUND(MOD(BF55,1),1)=0.1,ROUND(MOD(BF55,1),1)=0.6,ROUND(MOD(BF55,1),1)=0.9),BF55-0.1,BF55))*10) -> 3 | G55: 100 | H55: =IF(BH55="","",IF(ROUNDUP((BH55/100)*IF(BJ55>100,RIGHT(BJ55,2),BJ55)*250*4/60*2/IF(BK55>=10,10,1),0)>15,15,ROUNDUP((BH55/100)*IF(BJ55>100,RIGHT(BJ55,2),BJ55)*250*4/60*2/IF(BK55>=10,10,1),0))) -> 7 | I55: =IF(BI55="","",ROUND(BI55*10/80,0)) -> 5 | J55: =IF(BJ55="","",IF(BJ55>100,100+IF(RIGHT(BJ55,1)*25>=100,80,RIGHT(BJ55,1)*25),IF(RIGHT(BJ55,1)*25>=100,80,RIGHT(BJ55,1)*25))) -> 25 | K55: =TEXT(IF(W55=0,"",IF(BK55>=10,LEFT(BK55,1),0)&IF(V55>=0.06,3,0)),"00") -> 00 | L55: 63 | M55: 0 | N55: 0 | O55: 0 | P55: 0 | Q55: + | R55: 21 | S55: 10 | T55: 2 | U55: 2 | V55: 0.034 | W55: 0.023 | X55: 24 | Y55: 0 | Z55: T | AB55: 0.5 | AC55: 1 | AD55: 3 | AE55: 1 | AF55: 1 | AG55: 0.32 | AH55: 0 | BA55: 6 | BB55: 2 | BC55: 4 | BD55: 10 | BE55: 0 | BF55: 0.2 | BG55: 100 | BH55: 20 | BI55: 40 | BJ55: 1 | BK55: 0 | BL55: 63 | BM55: 0 | BN55: 0 | BO55: 0 | BP55: 0 | BQ55: + | BR55: 21 | BS55: 10 | BT55: 2 | BU55: 2 | BV55: 0.034 | BW55: 0.023 | BX55: 24 | BY55: 0 | BZ55: T | CB55: 0.5 | CC55: 1 | CD55: 3 | CE55: 1 | CF55: 1 | CG55: 0.32 | CH55: 0
A56: 7 | B56: 801 | C56: 1 | D56: 5 | E56: 0 | F56: =IF(BF56="","",IF(OR(ROUND(MOD(BF56,1),1)=0.2,ROUND(MOD(BF56,1),1)=0.4,ROUND(MOD(BF56,1),1)=0.7),BF56+0.1,IF(OR(ROUND(MOD(BF56,1),1)=0.1,ROUND(MOD(BF56,1),1)=0.6,ROUND(MOD(BF56,1),1)=0.9),BF56-0.1,BF56))*10) -> 5 | G56: 95 | H56: =IF(BH56="","",IF(ROUNDUP((BH56/100)*IF(BJ56>100,RIGHT(BJ56,2),BJ56)*250*4/60*2/IF(BK56>=10,10,1),0)>15,15,ROUNDUP((BH56/100)*IF(BJ56>100,RIGHT(BJ56,2),BJ56)*250*4/60*2/IF(BK56>=10,10,1),0))) -> 6 | I56: =IF(BI56="","",ROUND(BI56*10/80,0)) -> 5 | J56: =IF(BJ56="","",IF(BJ56>100,100+IF(RIGHT(BJ56,1)*25>=100,80,RIGHT(BJ56,1)*25),IF(RIGHT(BJ56,1)*25>=100,80,RIGHT(BJ56,1)*25))) -> 25 | K56: =TEXT(IF(W56=0,"",IF(BK56>=10,LEFT(BK56,1),0)&IF(V56>=0.06,3,0)),"00") -> 00 | L56: 63 | M56: 0 | N56: 40 | O56: 0 | P56: 1 | Q56: - | R56: 22 | S56: 30 | T56: 3 | U56: 2 | V56: 0.012 | W56: 0.016 | X56: 24 | Y56: 13 | Z56: Z | AA56: 157 | AB56: 0.32 | AC56: 1 | AD56: 3 | AE56: 1 | AF56: 1 | AG56: 0.32 | AH56: 0 | BA56: 7 | BB56: 801 | BC56: 1 | BD56: 5 | BE56: 0 | BF56: 0.4 | BG56: 95 | BH56: 18 | BI56: 40 | BJ56: 1 | BK56: 0 | BL56: 63 | BM56: 0 | BN56: 40 | BO56: 0 | BP56: 1 | BQ56: - | BR56: 22 | BS56: 30 | BT56: 3 | BU56: 2 | BV56: 0.012 | BW56: 0.016 | BX56: 24 | BY56: 13 | BZ56: Z | CA56: 157 | CB56: 0.32 | CC56: 1 | CD56: 3 | CE56: 1 | CF56: 1 | CG56: 0.32 | CH56: 0
A57: 8 | B57: 801 | C57: 1 | D57: 5 | E57: 0 | F57: =IF(BF57="","",IF(OR(ROUND(MOD(BF57,1),1)=0.2,ROUND(MOD(BF57,1),1)=0.4,ROUND(MOD(BF57,1),1)=0.7),BF57+0.1,IF(OR(ROUND(MOD(BF57,1),1)=0.1,ROUND(MOD(BF57,1),1)=0.6,ROUND(MOD(BF57,1),1)=0.9),BF57-0.1,BF57))*10) -> 5 | G57: 95 | H57: =IF(BH57="","",IF(ROUNDUP((BH57/100)*IF(BJ57>100,RIGHT(BJ57,2),BJ57)*250*4/60*2/IF(BK57>=10,10,1),0)>15,15,ROUNDUP((BH57/100)*IF(BJ57>100,RIGHT(BJ57,2),BJ57)*250*4/60*2/IF(BK57>=10,10,1),0))) -> 6 | I57: =IF(BI57="","",ROUND(BI57*10/80,0)) -> 5 | J57: =IF(BJ57="","",IF(BJ57>100,100+IF(RIGHT(BJ57,1)*25>=100,80,RIGHT(BJ57,1)*25),IF(RIGHT(BJ57,1)*25>=100,80,RIGHT(BJ57,1)*25))) -> 25 | K57: =TEXT(IF(W57=0,"",IF(BK57>=10,LEFT(BK57,1),0)&IF(V57>=0.06,3,0)),"00") -> 00 | L57: 63 | M57: 0 | N57: 40 | O57: 0 | P57: 1 | Q57: - | R57: 22 | S57: 30 | T57: 3 | U57: 2 | V57: 0.02 | W57: 0.008 | X57: 24 | Y57: 10 | Z57: Z | AA57: 200 | AB57: 0.32 | AC57: 1 | AD57: 3 | AE57: 1 | AF57: 1 | AG57: 0.32 | AH57: 0 | BA57: 8 | BB57: 801 | BC57: 1 | BD57: 5 | BE57: 0 | BF57: 0.4 | BG57: 95 | BH57: 18 | BI57: 40 | BJ57: 1 | BK57: 0 | BL57: 63 | BM57: 0 | BN57: 40 | BO57: 0 | BP57: 1 | BQ57: - | BR57: 22 | BS57: 30 | BT57: 3 | BU57: 2 | BV57: 0.02 | BW57: 0.008 | BX57: 24 | BY57: 10 | BZ57: Z | CA57: 200 | CB57: 0.32 | CC57: 1 | CD57: 3 | CE57: 1 | CF57: 1 | CG57: 0.32 | CH57: 0
F58: =IF(BF58="","",IF(OR(ROUND(MOD(BF58,1),1)=0.2,ROUND(MOD(BF58,1),1)=0.4,ROUND(MOD(BF58,1),1)=0.7),BF58+0.1,IF(OR(ROUND(MOD(BF58,1),1)=0.1,ROUND(MOD(BF58,1),1)=0.6,ROUND(MOD(BF58,1),1)=0.9),BF58-0.1,BF58))*10) | H58: =IF(BH58="","",IF(ROUNDUP((BH58/100)*IF(BJ58>100,RIGHT(BJ58,2),BJ58)*250*4/60*2/IF(BK58>=10,10,1),0)>15,15,ROUNDUP((BH58/100)*IF(BJ58>100,RIGHT(BJ58,2),BJ58)*250*4/60*2/IF(BK58>=10,10,1),0))) | I58: =IF(BI58="","",ROUND(BI58*10/80,0)) | J58: =IF(BJ58="","",IF(BJ58>100,100+IF(RIGHT(BJ58,1)*25>=100,80,RIGHT(BJ58,1)*25),IF(RIGHT(BJ58,1)*25>=100,80,RIGHT(BJ58,1)*25))) | K58: =TEXT(IF(W58=0,"",IF(BK58>=10,LEFT(BK58,1),0)&IF(V58>=0.06,3,0)),"00")
F59: =IF(BF59="","",IF(OR(ROUND(MOD(BF59,1),1)=0.2,ROUND(MOD(BF59,1),1)=0.4,ROUND(MOD(BF59,1),1)=0.7),BF59+0.1,IF(OR(ROUND(MOD(BF59,1),1)=0.1,ROUND(MOD(BF59,1),1)=0.6,ROUND(MOD(BF59,1),1)=0.9),BF59-0.1,BF59))*10) | H59: =IF(BH59="","",IF(ROUNDUP((BH59/100)*IF(BJ59>100,RIGHT(BJ59,2),BJ59)*250*4/60*2/IF(BK59>=10,10,1),0)>15,15,ROUNDUP((BH59/100)*IF(BJ59>100,RIGHT(BJ59,2),BJ59)*250*4/60*2/IF(BK59>=10,10,1),0))) | I59: =IF(BI59="","",ROUND(BI59*10/80,0)) | J59: =IF(BJ59="","",IF(BJ59>100,100+IF(RIGHT(BJ59,1)*25>=100,80,RIGHT(BJ59,1)*25),IF(RIGHT(BJ59,1)*25>=100,80,RIGHT(BJ59,1)*25))) | K59: =TEXT(IF(W59=0,"",IF(BK59>=10,LEFT(BK59,1),0)&IF(V59>=0.06,3,0)),"00")
A60: 1 | B60: 10 | C60: 190 | D60: 40 | E60: 0 | F60: =IF(BF60="","",IF(OR(ROUND(MOD(BF60,1),1)=0.2,ROUND(MOD(BF60,1),1)=0.4,ROUND(MOD(BF60,1),1)=0.7),BF60+0.1,IF(OR(ROUND(MOD(BF60,1),1)=0.1,ROUND(MOD(BF60,1),1)=0.6,ROUND(MOD(BF60,1),1)=0.9),BF60-0.1,BF60))*10) -> 50 | G60: 50 | H60: =IF(BH60="","",IF(ROUNDUP((BH60/100)*IF(BJ60>100,RIGHT(BJ60,2),BJ60)*250*4/60*2/IF(BK60>=10,10,1),0)>15,15,ROUNDUP((BH60/100)*IF(BJ60>100,RIGHT(BJ60,2),BJ60)*250*4/60*2/IF(BK60>=10,10,1),0))) -> 15 | I60: =IF(BI60="","",ROUND(BI60*10/80,0)) -> 4 | J60: =IF(BJ60="","",IF(BJ60>100,100+IF(RIGHT(BJ60,1)*25>=100,80,RIGHT(BJ60,1)*25),IF(RIGHT(BJ60,1)*25>=100,80,RIGHT(BJ60,1)*25))) -> 80 | K60: =TEXT(IF(W60=0,"",IF(BK60>=10,LEFT(BK60,1),0)&IF(V60>=0.06,3,0)),"00") -> 03 | L60: 21 | M60: 0 | N60: 0 | O60: 11 | P60: 0 | Q60: + | R60: 22 | S60: 10 | T60: 2 | U60: 0 | V60: 0.218 | W60: 0.5 | X60: 24 | Y60: 0 | Z60: T | AB60: 0 | AC60: 1 | AD60: 6 | AE60: 1 | AF60: 1 | AG60: 0.07 | AH60: 0 | BA60: 1 | BB60: 10 | BC60: 190 | BD60: 40 | BE60: 0 | BF60: 5 | BG60: 50 | BH60: 12 | BI60: 35 | BJ60: 5 | BK60: 0 | BL60: 21 | BM60: 0 | BN60: 0 | BO60: 11 | BP60: 0 | BQ60: + | BR60: 22 | BS60: 10 | BT60: 2 | BU60: 0 | BV60: 0.218 | BW60: 0.5 | BX60: 24 | BY60: 0 | BZ60: T | CB60: 0 | CC60: 1 | CD60: 6 | CE60: 1 | CF60: 1 | CG60: 0.07 | CH60: 0
A61: 2 | B61: 9 | C61: 100 | D61: 40 | E61: 0 | F61: =IF(BF61="","",IF(OR(ROUND(MOD(BF61,1),1)=0.2,ROUND(MOD(BF61,1),1)=0.4,ROUND(MOD(BF61,1),1)=0.7),BF61+0.1,IF(OR(ROUND(MOD(BF61,1),1)=0.1,ROUND(MOD(BF61,1),1)=0.6,ROUND(MOD(BF61,1),1)=0.9),BF61-0.1,BF61))*10) -> 35 | G61: 50 | H61: =IF(BH61="","",IF(ROUNDUP((BH61/100)*IF(BJ61>100,RIGHT(BJ61,2),BJ61)*250*4/60*2/IF(BK61>=10,10,1),0)>15,15,ROUNDUP((BH61/100)*IF(BJ61>100,RIGHT(BJ61,2),BJ61)*250*4/60*2/IF(BK61>=10,10,1),0))) -> 15 | I61: =IF(BI61="","",ROUND(BI61*10/80,0)) -> 5 | J61: =IF(BJ61="","",IF(BJ61>100,100+IF(RIGHT(BJ61,1)*25>=100,80,RIGHT(BJ61,1)*25),IF(RIGHT(BJ61,1)*25>=100,80,RIGHT(BJ61,1)*25))) -> 80 | K61: =TEXT(IF(W61=0,"",IF(BK61>=10,LEFT(BK61,1),0)&IF(V61>=0.06,3,0)),"00") -> 03 | L61: 42 | M61: 0 | N61: 0 | O61: 1 | P61: 0 | Q61: + | R61: 21 | S61: 10 | T61: 2 | U61: 2 | V61: 0.138 | W61: 0.1049 | X61: 24 | Y61: 0 | Z61: T | AB61: 0 | AC61: 1 | AD61: 6 | AE61: 1 | AF61: 1 | AG61: 0.07 | AH61: 0 | BA61: 2 | BB61: 9 | BC61: 100 | BD61: 40 | BE61: 0 | BF61: 3.5 | BG61: 50 | BH61: 10 | BI61: 40 | BJ61: 5 | BK61: 0 | BL61: 42 | BM61: 0 | BN61: 0 | BO61: 1 | BP61: 0 | BQ61: + | BR61: 21 | BS61: 10 | BT61: 2 | BU61: 2 | BV61: 0.138 | BW61: 0.1049 | BX61: 24 | BY61: 0 | BZ61: T | CB61: 0 | CC61: 1 | CD61: 6 | CE61: 1 | CF61: 1 | CG61: 0.07 | CH61: 0
A62: 3 | B62: 8 | C62: 60 | D62: 30 | E62: 0 | F62: =IF(BF62="","",IF(OR(ROUND(MOD(BF62,1),1)=0.2,ROUND(MOD(BF62,1),1)=0.4,ROUND(MOD(BF62,1),1)=0.7),BF62+0.1,IF(OR(ROUND(MOD(BF62,1),1)=0.1,ROUND(MOD(BF62,1),1)=0.6,ROUND(MOD(BF62,1),1)=0.9),BF62-0.1,BF62))*10) -> 23 | G62: 65 | H62: =IF(BH62="","",IF(ROUNDUP((BH62/100)*IF(BJ62>100,RIGHT(BJ62,2),BJ62)*250*4/60*2/IF(BK62>=10,10,1),0)>15,15,ROUNDUP((BH62/100)*IF(BJ62>100,RIGHT(BJ62,2),BJ62)*250*4/60*2/IF(BK62>=10,10,1),0))) -> 15 | I62: =IF(BI62="","",ROUND(BI62*10/80,0)) -> 5 | J62: =IF(BJ62="","",IF(BJ62>100,100+IF(RIGHT(BJ62,1)*25>=100,80,RIGHT(BJ62,1)*25),IF(RIGHT(BJ62,1)*25>=100,80,RIGHT(BJ62,1)*25))) -> 80 | K62: =TEXT(IF(W62=0,"",IF(BK62>=10,LEFT(BK62,1),0)&IF(V62>=0.06,3,0)),"00") -> 03 | L62: 52 | M62: 0 | N62: 0 | O62: 1 | P62: 0 | Q62: + | R62: 11 | S62: 10 | T62: 2 | U62: 2 | V62: 0.101 | W62: 0.069 | X62: 24 | Y62: 0 | Z62: T | AB62: 2.8 | AC62: 1 | AD62: 6 | AE62: 1 | AF62: 1 | AG62: 0.07 | AH62: 0 | BA62: 3 | BB62: 8 | BC62: 60 | BD62: 30 | BE62: 0 | BF62: 2.3 | BG62: 65 | BH62: 12 | BI62: 40 | BJ62: 5 | BK62: 0 | BL62: 52 | BM62: 0 | BN62: 0 | BO62: 1 | BP62: 0 | BQ62: + | BR62: 11 | BS62: 10 | BT62: 2 | BU62: 2 | BV62: 0.101 | BW62: 0.069 | BX62: 24 | BY62: 0 | BZ62: T | CB62: 2.8 | CC62: 1 | CD62: 6 | CE62: 1 | CF62: 1 | CG62: 0.07 | CH62: 0
A63: 4 | B63: 7 | C63: 35 | D63: 20 | E63: 0 | F63: =IF(BF63="","",IF(OR(ROUND(MOD(BF63,1),1)=0.2,ROUND(MOD(BF63,1),1)=0.4,ROUND(MOD(BF63,1),1)=0.7),BF63+0.1,IF(OR(ROUND(MOD(BF63,1),1)=0.1,ROUND(MOD(BF63,1),1)=0.6,ROUND(MOD(BF63,1),1)=0.9),BF63-0.1,BF63))*10) -> 13 | G63: 65 | H63: =IF(BH63="","",IF(ROUNDUP((BH63/100)*IF(BJ63>100,RIGHT(BJ63,2),BJ63)*250*4/60*2/IF(BK63>=10,10,1),0)>15,15,ROUNDUP((BH63/100)*IF(BJ63>100,RIGHT(BJ63,2),BJ63)*250*4/60*2/IF(BK63>=10,10,1),0))) -> 15 | I63: =IF(BI63="","",ROUND(BI63*10/80,0)) -> 5 | J63: =IF(BJ63="","",IF(BJ63>100,100+IF(RIGHT(BJ63,1)*25>=100,80,RIGHT(BJ63,1)*25),IF(RIGHT(BJ63,1)*25>=100,80,RIGHT(BJ63,1)*25))) -> 75 | K63: =TEXT(IF(W63=0,"",IF(BK63>=10,LEFT(BK63,1),0)&IF(V63>=0.06,3,0)),"00") -> 03 | L63: 63 | M63: 0 | N63: 40 | O63: 0 | P63: 0 | Q63: + | R63: 11 | S63: 10 | T63: 2 | U63: 2 | V63: 0.077 | W63: 0.051 | X63: 24 | Y63: 0 | Z63: T | AB63: 2 | AC63: 1 | AD63: 6 | AE63: 1 | AF63: 1 | AG63: 0.07 | AH63: 0 | BA63: 4 | BB63: 7 | BC63: 35 | BD63: 20 | BE63: 0 | BF63: 1.3 | BG63: 65 | BH63: 15 | BI63: 40 | BJ63: 3 | BK63: 0 | BL63: 63 | BM63: 0 | BN63: 40 | BO63: 0 | BP63: 0 | BQ63: + | BR63: 11 | BS63: 10 | BT63: 2 | BU63: 2 | BV63: 0.077 | BW63: 0.051 | BX63: 24 | BY63: 0 | BZ63: T | CB63: 2 | CC63: 1 | CD63: 6 | CE63: 1 | CF63: 1 | CG63: 0.07 | CH63: 0
A64: 5 | B64: 6 | C64: 12 | D64: 12 | E64: 0 | F64: =IF(BF64="","",IF(OR(ROUND(MOD(BF64,1),1)=0.2,ROUND(MOD(BF64,1),1)=0.4,ROUND(MOD(BF64,1),1)=0.7),BF64+0.1,IF(OR(ROUND(MOD(BF64,1),1)=0.1,ROUND(MOD(BF64,1),1)=0.6,ROUND(MOD(BF64,1),1)=0.9),BF64-0.1,BF64))*10) -> 5 | G64: 100 | H64: =IF(BH64="","",IF(ROUNDUP((BH64/100)*IF(BJ64>100,RIGHT(BJ64,2),BJ64)*250*4/60*2/IF(BK64>=10,10,1),0)>15,15,ROUNDUP((BH64/100)*IF(BJ64>100,RIGHT(BJ64,2),BJ64)*250*4/60*2/IF(BK64>=10,10,1),0))) -> 12 | I64: =IF(BI64="","",ROUND(BI64*10/80,0)) -> 5 | J64: =IF(BJ64="","",IF(BJ64>100,100+IF(RIGHT(BJ64,1)*25>=100,80,RIGHT(BJ64,1)*25),IF(RIGHT(BJ64,1)*25>=100,80,RIGHT(BJ64,1)*25))) -> 50 | K64: =TEXT(IF(W64=0,"",IF(BK64>=10,LEFT(BK64,1),0)&IF(V64>=0.06,3,0)),"00") -> 00 | L64: 63 | M64: 0 | N64: 40 | O64: 0 | P64: 0 | Q64: + | R64: 21 | S64: 10 | T64: 2 | U64: 2 | V64: 0.059 | W64: 0.039 | X64: 24 | Y64: 0 | Z64: T | AB64: 1.12 | AC64: 1 | AD64: 6 | AE64: 1 | AF64: 1 | AG64: 0.07 | AH64: 0 | BA64: 5 | BB64: 6 | BC64: 12 | BD64: 12 | BE64: 0 | BF64: 0.6 | BG64: 100 | BH64: 18 | BI64: 40 | BJ64: 2 | BK64: 0 | BL64: 63 | BM64: 0 | BN64: 40 | BO64: 0 | BP64: 0 | BQ64: + | BR64: 21 | BS64: 10 | BT64: 2 | BU64: 2 | BV64: 0.059 | BW64: 0.039 | BX64: 24 | BY64: 0 | BZ64: T | CB64: 1.12 | CC64: 1 | CD64: 6 | CE64: 1 | CF64: 1 | CG64: 0.07 | CH64: 0
A65: 6 | B65: 5 | C65: 7 | D65: 12 | E65: 0 | F65: =IF(BF65="","",IF(OR(ROUND(MOD(BF65,1),1)=0.2,ROUND(MOD(BF65,1),1)=0.4,ROUND(MOD(BF65,1),1)=0.7),BF65+0.1,IF(OR(ROUND(MOD(BF65,1),1)=0.1,ROUND(MOD(BF65,1),1)=0.6,ROUND(MOD(BF65,1),1)=0.9),BF65-0.1,BF65))*10) -> 5 | G65: 100 | H65: =IF(BH65="","",IF(ROUNDUP((BH65/100)*IF(BJ65>100,RIGHT(BJ65,2),BJ65)*250*4/60*2/IF(BK65>=10,10,1),0)>15,15,ROUNDUP((BH65/100)*IF(BJ65>100,RIGHT(BJ65,2),BJ65)*250*4/60*2/IF(BK65>=10,10,1),0))) -> 12 | I65: =IF(BI65="","",ROUND(BI65*10/80,0)) -> 5 | J65: =IF(BJ65="","",IF(BJ65>100,100+IF(RIGHT(BJ65,1)*25>=100,80,RIGHT(BJ65,1)*25),IF(RIGHT(BJ65,1)*25>=100,80,RIGHT(BJ65,1)*25))) -> 50 | K65: =TEXT(IF(W65=0,"",IF(BK65>=10,LEFT(BK65,1),0)&IF(V65>=0.06,3,0)),"00") -> 00 | L65: 63 | M65: 0 | N65: 0 | O65: 0 | P65: 0 | Q65: + | R65: 21 | S65: 10 | T65: 2 | U65: 2 | V65: 0.045 | W65: 0.029 | X65: 24 | Y65: 0 | Z65: T | AB65: 0.8 | AC65: 1 | AD65: 6 | AE65: 1 | AF65: 1 | AG65: 0.07 | AH65: 0 | BA65: 6 | BB65: 5 | BC65: 7 | BD65: 12 | BE65: 0 | BF65: 0.4 | BG65: 100 | BH65: 18 | BI65: 40 | BJ65: 2 | BK65: 0 | BL65: 63 | BM65: 0 | BN65: 0 | BO65: 0 | BP65: 0 | BQ65: + | BR65: 21 | BS65: 10 | BT65: 2 | BU65: 2 | BV65: 0.045 | BW65: 0.029 | BX65: 24 | BY65: 0 | BZ65: T | CB65: 0.8 | CC65: 1 | CD65: 6 | CE65: 1 | CF65: 1 | CG65: 0.07 | CH65: 0
A66: 7 | B66: 4 | C66: 4 | D66: 10 | E66: 0 | F66: =IF(BF66="","",IF(OR(ROUND(MOD(BF66,1),1)=0.2,ROUND(MOD(BF66,1),1)=0.4,ROUND(MOD(BF66,1),1)=0.7),BF66+0.1,IF(OR(ROUND(MOD(BF66,1),1)=0.1,ROUND(MOD(BF66,1),1)=0.6,ROUND(MOD(BF66,1),1)=0.9),BF66-0.1,BF66))*10) -> 3 | G66: 100 | H66: =IF(BH66="","",IF(ROUNDUP((BH66/100)*IF(BJ66>100,RIGHT(BJ66,2),BJ66)*250*4/60*2/IF(BK66>=10,10,1),0)>15,15,ROUNDUP((BH66/100)*IF(BJ66>100,RIGHT(BJ66,2),BJ66)*250*4/60*2/IF(BK66>=10,10,1),0))) -> 7 | I66: =IF(BI66="","",ROUND(BI66*10/80,0)) -> 5 | J66: =IF(BJ66="","",IF(BJ66>100,100+IF(RIGHT(BJ66,1)*25>=100,80,RIGHT(BJ66,1)*25),IF(RIGHT(BJ66,1)*25>=100,80,RIGHT(BJ66,1)*25))) -> 25 | K66: =TEXT(IF(W66=0,"",IF(BK66>=10,LEFT(BK66,1),0)&IF(V66>=0.06,3,0)),"00") -> 00 | L66: 63 | M66: 0 | N66: 0 | O66: 0 | P66: 0 | Q66: + | R66: 21 | S66: 10 | T66: 2 | U66: 2 | V66: 0.035 | W66: 0.023 | X66: 24 | Y66: 0 | Z66: T | AB66: 0.7 | AC66: 1 | AD66: 6 | AE66: 1 | AF66: 1 | AG66: 0.07 | AH66: 0 | BA66: 7 | BB66: 4 | BC66: 4 | BD66: 10 | BE66: 0 | BF66: 0.2 | BG66: 100 | BH66: 20 | BI66: 40 | BJ66: 1 | BK66: 0 | BL66: 63 | BM66: 0 | BN66: 0 | BO66: 0 | BP66: 0 | BQ66: + | BR66: 21 | BS66: 10 | BT66: 2 | BU66: 2 | BV66: 0.035 | BW66: 0.023 | BX66: 24 | BY66: 0 | BZ66: T | CB66: 0.7 | CC66: 1 | CD66: 6 | CE66: 1 | CF66: 1 | CG66: 0.07 | CH66: 0
A67: 8 | B67: 803 | C67: 1 | D67: 9 | E67: 0 | F67: =IF(BF67="","",IF(OR(ROUND(MOD(BF67,1),1)=0.2,ROUND(MOD(BF67,1),1)=0.4,ROUND(MOD(BF67,1),1)=0.7),BF67+0.1,IF(OR(ROUND(MOD(BF67,1),1)=0.1,ROUND(MOD(BF67,1),1)=0.6,ROUND(MOD(BF67,1),1)=0.9),BF67-0.1,BF67))*10) -> 5 | G67: 110 | H67: =IF(BH67="","",IF(ROUNDUP((BH67/100)*IF(BJ67>100,RIGHT(BJ67,2),BJ67)*250*4/60*2/IF(BK67>=10,10,1),0)>15,15,ROUNDUP((BH67/100)*IF(BJ67>100,RIGHT(BJ67,2),BJ67)*250*4/60*2/IF(BK67>=10,10,1),0))) -> 7 | I67: =IF(BI67="","",ROUND(BI67*10/80,0)) -> 8 | J67: =IF(BJ67="","",IF(BJ67>100,100+IF(RIGHT(BJ67,1)*25>=100,80,RIGHT(BJ67,1)*25),IF(RIGHT(BJ67,1)*25>=100,80,RIGHT(BJ67,1)*25))) -> 25 | K67: =TEXT(IF(W67=0,"",IF(BK67>=10,LEFT(BK67,1),0)&IF(V67>=0.06,3,0)),"00") -> 00 | L67: 75 | M67: 0 | N67: 40 | O67: 10 | P67: 1 | Q67: - | R67: 21 | S67: 15 | T67: 3 | U67: 2 | V67: 0.018 | W67: 0.023 | X67: 24 | Y67: 8 | Z67: Z | AA67: 320 | AB67: 0.63 | AC67: 1 | AD67: 6 | AE67: 1 | AF67: 1 | AG67: 0.07 | AH67: 0 | BA67: 8 | BB67: 803 | BC67: 1 | BD67: 9 | BE67: 0 | BF67: 0.5 | BG67: 110 | BH67: 20 | BI67: 60 | BJ67: 1 | BK67: 0 | BL67: 75 | BM67: 0 | BN67: 40 | BO67: 10 | BP67: 1 | BQ67: - | BR67: 21 | BS67: 15 | BT67: 3 | BU67: 2 | BV67: 0.018 | BW67: 0.023 | BX67: 24 | BY67: 8 | BZ67: Z | CA67: 320 | CB67: 0.63 | CC67: 1 | CD67: 6 | CE67: 1 | CF67: 1 | CG67: 0.07 | CH67: 0
A68: 9 | B68: 803 | C68: 1 | D68: 9 | E68: 0 | F68: =IF(BF68="","",IF(OR(ROUND(MOD(BF68,1),1)=0.2,ROUND(MOD(BF68,1),1)=0.4,ROUND(MOD(BF68,1),1)=0.7),BF68+0.1,IF(OR(ROUND(MOD(BF68,1),1)=0.1,ROUND(MOD(BF68,1),1)=0.6,ROUND(MOD(BF68,1),1)=0.9),BF68-0.1,BF68))*10) -> 5 | G68: 110 | H68: =IF(BH68="","",IF(ROUNDUP((BH68/100)*IF(BJ68>100,RIGHT(BJ68,2),BJ68)*250*4/60*2/IF(BK68>=10,10,1),0)>15,15,ROUNDUP((BH68/100)*IF(BJ68>100,RIGHT(BJ68,2),BJ68)*250*4/60*2/IF(BK68>=10,10,1),0))) -> 7 | I68: =IF(BI68="","",ROUND(BI68*10/80,0)) -> 8 | J68: =IF(BJ68="","",IF(BJ68>100,100+IF(RIGHT(BJ68,1)*25>=100,80,RIGHT(BJ68,1)*25),IF(RIGHT(BJ68,1)*25>=100,80,RIGHT(BJ68,1)*25))) -> 25 | K68: =TEXT(IF(W68=0,"",IF(BK68>=10,LEFT(BK68,1),0)&IF(V68>=0.06,3,0)),"00") -> 00 | L68: 75 | M68: 0 | N68: 40 | O68: 10 | P68: 1 | Q68: - | R68: 21 | S68: 30 | T68: 3 | U68: 2 | V68: 0.026 | W68: 0.012 | X68: 24 | Y68: 8 | Z68: Z | AA68: 240 | AB68: 0.63 | AC68: 1 | AD68: 6 | AE68: 1 | AF68: 1 | AG68: 0.07 | AH68: 0 | BA68: 9 | BB68: 803 | BC68: 1 | BD68: 9 | BE68: 0 | BF68: 0.5 | BG68: 110 | BH68: 20 | BI68: 60 | BJ68: 1 | BK68: 0 | BL68: 75 | BM68: 0 | BN68: 40 | BO68: 10 | BP68: 1 | BQ68: - | BR68: 21 | BS68: 30 | BT68: 3 | BU68: 2 | BV68: 0.026 | BW68: 0.012 | BX68: 24 | BY68: 8 | BZ68: Z | CA68: 240 | CB68: 0.63 | CC68: 1 | CD68: 6 | CE68: 1 | CF68: 1 | CG68: 0.07 | CH68: 0
A69: 10 | B69: 802 | C69: 0 | D69: 4 | E69: 0 | F69: =IF(BF69="","",IF(OR(ROUND(MOD(BF69,1),1)=0.2,ROUND(MOD(BF69,1),1)=0.4,ROUND(MOD(BF69,1),1)=0.7),BF69+0.1,IF(OR(ROUND(MOD(BF69,1),1)=0.1,ROUND(MOD(BF69,1),1)=0.6,ROUND(MOD(BF69,1),1)=0.9),BF69-0.1,BF69))*10) -> 5 | G69: 110 | H69: =IF(BH69="","",IF(ROUNDUP((BH69/100)*IF(BJ69>100,RIGHT(BJ69,2),BJ69)*250*4/60*2/IF(BK69>=10,10,1),0)>15,15,ROUNDUP((BH69/100)*IF(BJ69>100,RIGHT(BJ69,2),BJ69)*250*4/60*2/IF(BK69>=10,10,1),0))) -> 15 | I69: =IF(BI69="","",ROUND(BI69*10/80,0)) -> 13 | J69: =IF(BJ69="","",IF(BJ69>100,100+IF(RIGHT(BJ69,1)*25>=100,80,RIGHT(BJ69,1)*25),IF(RIGHT(BJ69,1)*25>=100,80,RIGHT(BJ69,1)*25))) -> 50 | K69: =TEXT(IF(W69=0,"",IF(BK69>=10,LEFT(BK69,1),0)&IF(V69>=0.06,3,0)),"00") -> 00 | L69: 85 | M69: 0 | N69: 40 | O69: 10 | P69: 0 | Q69: - | R69: 21 | S69: 30 | T69: 4 | U69: 2 | V69: 0.011 | W69: 0.021 | X69: 24 | Y69: 8.5 | Z69: Z | AA69: 332 | AB69: 0.14 | AC69: 1 | AD69: 6 | AE69: 1 | AF69: 1 | AG69: 0.07 | AH69: 0 | BA69: 10 | BB69: 802 | BC69: 0 | BD69: 4 | BE69: 0 | BF69: 0.4 | BG69: 110 | BH69: 40 | BI69: 100 | BJ69: 2 | BK69: 0 | BL69: 85 | BM69: 0 | BN69: 40 | BO69: 10 | BP69: 0 | BQ69: - | BR69: 21 | BS69: 30 | BT69: 4 | BU69: 2 | BV69: 0.011 | BW69: 0.021 | BX69: 24 | BY69: 8.5 | BZ69: Z | CA69: 332 | CB69: 0.14 | CC69: 1 | CD69: 6 | CE69: 1 | CF69: 1 | CG69: 0.07 | CH69: 0
A70: 11 | B70: 802 | C70: 0 | D70: 4 | E70: 0 | F70: =IF(BF70="","",IF(OR(ROUND(MOD(BF70,1),1)=0.2,ROUND(MOD(BF70,1),1)=0.4,ROUND(MOD(BF70,1),1)=0.7),BF70+0.1,IF(OR(ROUND(MOD(BF70,1),1)=0.1,ROUND(MOD(BF70,1),1)=0.6,ROUND(MOD(BF70,1),1)=0.9),BF70-0.1,BF70))*10) -> 5 | G70: 110 | H70: =IF(BH70="","",IF(ROUNDUP((BH70/100)*IF(BJ70>100,RIGHT(BJ70,2),BJ70)*250*4/60*2/IF(BK70>=10,10,1),0)>15,15,ROUNDUP((BH70/100)*IF(BJ70>100,RIGHT(BJ70,2),BJ70)*250*4/60*2/IF(BK70>=10,10,1),0))) -> 15 | I70: =IF(BI70="","",ROUND(BI70*10/80,0)) -> 13 | J70: =IF(BJ70="","",IF(BJ70>100,100+IF(RIGHT(BJ70,1)*25>=100,80,RIGHT(BJ70,1)*25),IF(RIGHT(BJ70,1)*25>=100,80,RIGHT(BJ70,1)*25))) -> 50 | K70: =TEXT(IF(W70=0,"",IF(BK70>=10,LEFT(BK70,1),0)&IF(V70>=0.06,3,0)),"00") -> 00 | L70: 85 | M70: 0 | N70: 40 | O70: 10 | P70: 0 | Q70: - | R70: 21 | S70: 30 | T70: 4 | U70: 2 | V70: 0.019 | W70: 0.008 | X70: 24 | Y70: 8.5 | Z70: Z | AA70: 250 | AB70: 0.14 | AC70: 1 | AD70: 6 | AE70: 1 | AF70: 1 | AG70: 0.07 | AH70: 0 | BA70: 11 | BB70: 802 | BC70: 0 | BD70: 4 | BE70: 0 | BF70: 0.4 | BG70: 110 | BH70: 40 | BI70: 100 | BJ70: 2 | BK70: 0 | BL70: 85 | BM70: 0 | BN70: 40 | BO70: 10 | BP70: 0 | BQ70: - | BR70: 21 | BS70: 30 | BT70: 4 | BU70: 2 | BV70: 0.019 | BW70: 0.008 | BX70: 24 | BY70: 8.5 | BZ70: Z | CA70: 250 | CB70: 0.14 | CC70: 1 | CD70: 6 | CE70: 1 | CF70: 1 | CG70: 0.07 | CH70: 0
A71: 12 | B71: 801 | C71: 0 | D71: 3 | E71: 0 | F71: =IF(BF71="","",IF(OR(ROUND(MOD(BF71,1),1)=0.2,ROUND(MOD(BF71,1),1)=0.4,ROUND(MOD(BF71,1),1)=0.7),BF71+0.1,IF(OR(ROUND(MOD(BF71,1),1)=0.1,ROUND(MOD(BF71,1),1)=0.6,ROUND(MOD(BF71,1),1)=0.9),BF71-0.1,BF71))*10) -> 0 | G71: 90 | H71: =IF(BH71="","",IF(ROUNDUP((BH71/100)*IF(BJ71>100,RIGHT(BJ71,2),BJ71)*250*4/60*2/IF(BK71>=10,10,1),0)>15,15,ROUNDUP((BH71/100)*IF(BJ71>100,RIGHT(BJ71,2),BJ71)*250*4/60*2/IF(BK71>=10,10,1),0))) -> 15 | I71: =IF(BI71="","",ROUND(BI71*10/80,0)) -> 16 | J71: =IF(BJ71="","",IF(BJ71>100,100+IF(RIGHT(BJ71,1)*25>=100,80,RIGHT(BJ71,1)*25),IF(RIGHT(BJ71,1)*25>=100,80,RIGHT(BJ71,1)*25))) -> 50 | K71: =TEXT(IF(W71=0,"",IF(BK71>=10,LEFT(BK71,1),0)&IF(V71>=0.06,3,0)),"00") -> 00 | L71: 85 | M71: 0 | N71: 40 | O71: 10 | P71: 0 | Q71: - | R71: 22 | S71: 30 | T71: 4 | U71: 2 | V71: 0.009 | W71: 0.019 | X71: 24 | Y71: 12 | Z71: Z | AA71: 500 | AB71: 0.07 | AC71: 1 | AD71: 6 | AE71: 1 | AF71: 1 | AG71: 0.07 | AH71: 0 | BA71: 12 | BB71: 801 | BC71: 0 | BD71: 3 | BE71: 0 | BF71: 0.1 | BG71: 90 | BH71: 40 | BI71: 130 | BJ71: 2 | BK71: 0 | BL71: 85 | BM71: 0 | BN71: 40 | BO71: 10 | BP71: 0 | BQ71: - | BR71: 22 | BS71: 30 | BT71: 4 | BU71: 2 | BV71: 0.009 | BW71: 0.019 | BX71: 24 | BY71: 12 | BZ71: Z | CA71: 500 | CB71: 0.07 | CC71: 1 | CD71: 6 | CE71: 1 | CF71: 1 | CG71: 0.07 | CH71: 0
A72: 13 | B72: 801 | C72: 0 | D72: 3 | E72: 0 | F72: =IF(BF72="","",IF(OR(ROUND(MOD(BF72,1),1)=0.2,ROUND(MOD(BF72,1),1)=0.4,ROUND(MOD(BF72,1),1)=0.7),BF72+0.1,IF(OR(ROUND(MOD(BF72,1),1)=0.1,ROUND(MOD(BF72,1),1)=0.6,ROUND(MOD(BF72,1),1)=0.9),BF72-0.1,BF72))*10) -> 0 | G72: 90 | H72: =IF(BH72="","",IF(ROUNDUP((BH72/100)*IF(BJ72>100,RIGHT(BJ72,2),BJ72)*250*4/60*2/IF(BK72>=10,10,1),0)>15,15,ROUNDUP((BH72/100)*IF(BJ72>100,RIGHT(BJ72,2),BJ72)*250*4/60*2/IF(BK72>=10,10,1),0))) -> 15 | I72: =IF(BI72="","",ROUND(BI72*10/80,0)) -> 16 | J72: =IF(BJ72="","",IF(BJ72>100,100+IF(RIGHT(BJ72,1)*25>=100,80,RIGHT(BJ72,1)*25),IF(RIGHT(BJ72,1)*25>=100,80,RIGHT(BJ72,1)*25))) -> 50 | K72: =TEXT(IF(W72=0,"",IF(BK72>=10,LEFT(BK72,1),0)&IF(V72>=0.06,3,0)),"00") -> 00 | L72: 85 | M72: 0 | N72: 40 | O72: 10 | P72: 0 | Q72: - | R72: 22 | S72: 30 | T72: 4 | U72: 2 | V72: 0.017 | W72: 0.006 | X72: 24 | Y72: 12 | Z72: Z | AA72: 400 | AB72: 0.07 | AC72: 1 | AD72: 6 | AE72: 1 | AF72: 1 | AG72: 0.07 | AH72: 0 | BA72: 13 | BB72: 801 | BC72: 0 | BD72: 3 | BE72: 0 | BF72: 0.1 | BG72: 90 | BH72: 40 | BI72: 130 | BJ72: 2 | BK72: 0 | BL72: 85 | BM72: 0 | BN72: 40 | BO72: 10 | BP72: 0 | BQ72: - | BR72: 22 | BS72: 30 | BT72: 4 | BU72: 2 | BV72: 0.017 | BW72: 0.006 | BX72: 24 | BY72: 12 | BZ72: Z | CA72: 400 | CB72: 0.07 | CC72: 1 | CD72: 6 | CE72: 1 | CF72: 1 | CG72: 0.07 | CH72: 0
F73: =IF(BF73="","",IF(OR(ROUND(MOD(BF73,1),1)=0.2,ROUND(MOD(BF73,1),1)=0.4,ROUND(MOD(BF73,1),1)=0.7),BF73+0.1,IF(OR(ROUND(MOD(BF73,1),1)=0.1,ROUND(MOD(BF73,1),1)=0.6,ROUND(MOD(BF73,1),1)=0.9),BF73-0.1,BF73))*10) | H73: =IF(BH73="","",IF(ROUNDUP((BH73/100)*IF(BJ73>100,RIGHT(BJ73,2),BJ73)*250*4/60*2/IF(BK73>=10,10,1),0)>15,15,ROUNDUP((BH73/100)*IF(BJ73>100,RIGHT(BJ73,2),BJ73)*250*4/60*2/IF(BK73>=10,10,1),0))) | I73: =IF(BI73="","",ROUND(BI73*10/80,0)) | J73: =IF(BJ73="","",IF(BJ73>100,100+IF(RIGHT(BJ73,1)*25>=100,80,RIGHT(BJ73,1)*25),IF(RIGHT(BJ73,1)*25>=100,80,RIGHT(BJ73,1)*25))) | K73: =TEXT(IF(W73=0,"",IF(BK73>=10,LEFT(BK73,1),0)&IF(V73>=0.06,3,0)),"00") | AC73: 1 | AE73: 1 | AF73: 1 | AH73: 0 | BK73: 0 | CC73: 1 | CE73: 1 | CF73: 1 | CH73: 0
A74: 1 | B74: 9 | C74: 190 | D74: 40 | E74: 0 | F74: =IF(BF74="","",IF(OR(ROUND(MOD(BF74,1),1)=0.2,ROUND(MOD(BF74,1),1)=0.4,ROUND(MOD(BF74,1),1)=0.7),BF74+0.1,IF(OR(ROUND(MOD(BF74,1),1)=0.1,ROUND(MOD(BF74,1),1)=0.6,ROUND(MOD(BF74,1),1)=0.9),BF74-0.1,BF74))*10) -> 50 | G74: 50 | H74: =IF(BH74="","",IF(ROUNDUP((BH74/100)*IF(BJ74>100,RIGHT(BJ74,2),BJ74)*250*4/60*2/IF(BK74>=10,10,1),0)>15,15,ROUNDUP((BH74/100)*IF(BJ74>100,RIGHT(BJ74,2),BJ74)*250*4/60*2/IF(BK74>=10,10,1),0))) -> 15 | I74: =IF(BI74="","",ROUND(BI74*10/80,0)) -> 4 | J74: =IF(BJ74="","",IF(BJ74>100,100+IF(RIGHT(BJ74,1)*25>=100,80,RIGHT(BJ74,1)*25),IF(RIGHT(BJ74,1)*25>=100,80,RIGHT(BJ74,1)*25))) -> 80 | K74: =TEXT(IF(W74=0,"",IF(BK74>=10,LEFT(BK74,1),0)&IF(V74>=0.06,3,0)),"00") -> 03 | L74: 21 | M74: 0 | N74: 0 | O74: 11 | P74: 0 | Q74: + | R74: 22 | S74: 10 | T74: 2 | U74: 0 | V74: 0.217 | W74: 0.5 | X74: 24 | Y74: 0 | Z74: T | AB74: 0 | AC74: 1 | AD74: 6 | AE74: 1 | AF74: 1 | AG74: 0.14 | AH74: 0 | BA74: 1 | BB74: 9 | BC74: 190 | BD74: 40 | BE74: 0 | BF74: 5 | BG74: 50 | BH74: 12 | BI74: 35 | BJ74: 5 | BK74: 0 | BL74: 21 | BM74: 0 | BN74: 0 | BO74: 11 | BP74: 0 | BQ74: + | BR74: 22 | BS74: 10 | BT74: 2 | BU74: 0 | BV74: 0.217 | BW74: 0.5 | BX74: 24 | BY74: 0 | BZ74: T | CB74: 0 | CC74: 1 | CD74: 6 | CE74: 1 | CF74: 1 | CG74: 0.14 | CH74: 0
